-- phpMyAdmin SQL Dump
-- version 5.2.3
-- https://www.phpmyadmin.net/
--
-- Gazdă: localhost
-- Timp de generare: dec. 15, 2025 la 03:01 PM
-- Versiune server: 8.0.44
-- Versiune PHP: 8.2.28

SET SQL_MODE = "NO_AUTO_VALUE_ON_ZERO";
START TRANSACTION;
SET time_zone = "+00:00";


/*!40101 SET @OLD_CHARACTER_SET_CLIENT=@@CHARACTER_SET_CLIENT */;
/*!40101 SET @OLD_CHARACTER_SET_RESULTS=@@CHARACTER_SET_RESULTS */;
/*!40101 SET @OLD_COLLATION_CONNECTION=@@COLLATION_CONNECTION */;
/*!40101 SET NAMES utf8mb4 */;

--
-- Bază de date: `b2b`
--

-- --------------------------------------------------------

--
-- Structură tabel pentru tabel `addresses`
--

CREATE TABLE `addresses` (
  `id` bigint UNSIGNED NOT NULL,
  `customer_id` bigint UNSIGNED DEFAULT NULL,
  `type` enum('billing','shipping','office') CHARACTER SET utf8mb4 COLLATE utf8mb4_unicode_ci NOT NULL DEFAULT 'shipping',
  `label` varchar(255) CHARACTER SET utf8mb4 COLLATE utf8mb4_unicode_ci DEFAULT NULL,
  `contact_name` varchar(255) CHARACTER SET utf8mb4 COLLATE utf8mb4_unicode_ci DEFAULT NULL,
  `country` varchar(100) CHARACTER SET utf8mb4 COLLATE utf8mb4_unicode_ci NOT NULL DEFAULT 'Romania',
  `county` varchar(100) CHARACTER SET utf8mb4 COLLATE utf8mb4_unicode_ci DEFAULT NULL,
  `city` varchar(100) CHARACTER SET utf8mb4 COLLATE utf8mb4_unicode_ci NOT NULL,
  `street` varchar(191) CHARACTER SET utf8mb4 COLLATE utf8mb4_unicode_ci NOT NULL,
  `postal_code` varchar(20) CHARACTER SET utf8mb4 COLLATE utf8mb4_unicode_ci DEFAULT NULL,
  `phone` varchar(50) CHARACTER SET utf8mb4 COLLATE utf8mb4_unicode_ci DEFAULT NULL,
  `is_default_billing` tinyint(1) NOT NULL DEFAULT '0',
  `is_default_shipping` tinyint(1) NOT NULL DEFAULT '0',
  `created_at` timestamp NULL DEFAULT NULL,
  `updated_at` timestamp NULL DEFAULT NULL
) ENGINE=InnoDB DEFAULT CHARSET=utf8mb4 COLLATE=utf8mb4_unicode_ci;

-- --------------------------------------------------------

--
-- Structură tabel pentru tabel `attributes`
--

CREATE TABLE `attributes` (
  `id` bigint UNSIGNED NOT NULL,
  `name` varchar(255) CHARACTER SET utf8mb4 COLLATE utf8mb4_unicode_ci NOT NULL,
  `slug` varchar(255) CHARACTER SET utf8mb4 COLLATE utf8mb4_unicode_ci NOT NULL,
  `type` varchar(255) CHARACTER SET utf8mb4 COLLATE utf8mb4_unicode_ci NOT NULL DEFAULT 'string',
  `is_filterable` tinyint(1) NOT NULL DEFAULT '0',
  `created_at` timestamp NULL DEFAULT NULL,
  `updated_at` timestamp NULL DEFAULT NULL
) ENGINE=InnoDB DEFAULT CHARSET=utf8mb4 COLLATE=utf8mb4_unicode_ci;

-- --------------------------------------------------------

--
-- Structură tabel pentru tabel `attribute_category`
--

CREATE TABLE `attribute_category` (
  `attribute_id` bigint UNSIGNED NOT NULL,
  `category_id` bigint UNSIGNED NOT NULL
) ENGINE=InnoDB DEFAULT CHARSET=utf8mb4 COLLATE=utf8mb4_unicode_ci;

-- --------------------------------------------------------

--
-- Structură tabel pentru tabel `attribute_values`
--

CREATE TABLE `attribute_values` (
  `id` bigint UNSIGNED NOT NULL,
  `attribute_id` bigint UNSIGNED NOT NULL,
  `product_id` bigint UNSIGNED DEFAULT NULL,
  `product_variant_id` bigint UNSIGNED DEFAULT NULL,
  `value` varchar(191) CHARACTER SET utf8mb4 COLLATE utf8mb4_unicode_ci DEFAULT NULL,
  `created_at` timestamp NULL DEFAULT NULL,
  `updated_at` timestamp NULL DEFAULT NULL
) ENGINE=InnoDB DEFAULT CHARSET=utf8mb4 COLLATE=utf8mb4_unicode_ci;

-- --------------------------------------------------------

--
-- Structură tabel pentru tabel `audit_logs`
--

CREATE TABLE `audit_logs` (
  `id` bigint UNSIGNED NOT NULL,
  `user_id` bigint UNSIGNED DEFAULT NULL,
  `action` varchar(100) CHARACTER SET utf8mb4 COLLATE utf8mb4_unicode_ci NOT NULL,
  `entity_type` varchar(100) CHARACTER SET utf8mb4 COLLATE utf8mb4_unicode_ci NOT NULL,
  `entity_id` bigint UNSIGNED DEFAULT NULL,
  `changes` json DEFAULT NULL,
  `meta` json DEFAULT NULL,
  `created_at` timestamp NULL DEFAULT NULL,
  `updated_at` timestamp NULL DEFAULT NULL
) ENGINE=InnoDB DEFAULT CHARSET=utf8mb4 COLLATE=utf8mb4_unicode_ci;

-- --------------------------------------------------------

--
-- Structură tabel pentru tabel `blog_categories`
--

CREATE TABLE `blog_categories` (
  `id` bigint UNSIGNED NOT NULL,
  `name` varchar(255) CHARACTER SET utf8mb4 COLLATE utf8mb4_unicode_ci NOT NULL,
  `slug` varchar(255) CHARACTER SET utf8mb4 COLLATE utf8mb4_unicode_ci NOT NULL,
  `description` text CHARACTER SET utf8mb4 COLLATE utf8mb4_unicode_ci,
  `is_published` tinyint(1) NOT NULL DEFAULT '1',
  `sort_order` int NOT NULL DEFAULT '0',
  `created_at` timestamp NULL DEFAULT NULL,
  `updated_at` timestamp NULL DEFAULT NULL
) ENGINE=InnoDB DEFAULT CHARSET=utf8mb4 COLLATE=utf8mb4_unicode_ci;

--
-- Eliminarea datelor din tabel `blog_categories`
--

INSERT INTO `blog_categories` (`id`, `name`, `slug`, `description`, `is_published`, `sort_order`, `created_at`, `updated_at`) VALUES
(1, 'Noutăți produse', 'noutati-produse', 'Lansări și actualizări de produse.', 1, 10, '2025-12-12 13:56:40', '2025-12-12 13:56:40'),
(2, 'Sfaturi pentru profesioniști', 'sfaturi-profesionisti', 'Articole cu recomandări pentru profesioniști.', 1, 20, '2025-12-12 13:56:40', '2025-12-12 13:56:40');

-- --------------------------------------------------------

--
-- Structură tabel pentru tabel `blog_posts`
--

CREATE TABLE `blog_posts` (
  `id` bigint UNSIGNED NOT NULL,
  `title` varchar(255) CHARACTER SET utf8mb4 COLLATE utf8mb4_unicode_ci NOT NULL,
  `slug` varchar(255) CHARACTER SET utf8mb4 COLLATE utf8mb4_unicode_ci NOT NULL,
  `excerpt` text CHARACTER SET utf8mb4 COLLATE utf8mb4_unicode_ci,
  `content` longtext CHARACTER SET utf8mb4 COLLATE utf8mb4_unicode_ci NOT NULL,
  `category_id` bigint UNSIGNED DEFAULT NULL,
  `author_user_id` bigint UNSIGNED DEFAULT NULL,
  `is_published` tinyint(1) NOT NULL DEFAULT '0',
  `published_at` timestamp NULL DEFAULT NULL,
  `meta_title` varchar(255) CHARACTER SET utf8mb4 COLLATE utf8mb4_unicode_ci DEFAULT NULL,
  `meta_description` varchar(255) CHARACTER SET utf8mb4 COLLATE utf8mb4_unicode_ci DEFAULT NULL,
  `created_at` timestamp NULL DEFAULT NULL,
  `updated_at` timestamp NULL DEFAULT NULL
) ENGINE=InnoDB DEFAULT CHARSET=utf8mb4 COLLATE=utf8mb4_unicode_ci;

--
-- Eliminarea datelor din tabel `blog_posts`
--

INSERT INTO `blog_posts` (`id`, `title`, `slug`, `excerpt`, `content`, `category_id`, `author_user_id`, `is_published`, `published_at`, `meta_title`, `meta_description`, `created_at`, `updated_at`) VALUES
(1, 'Cum alegi bormașina potrivită pentru proiectele tale', 'cum-alegi-bormasina-potrivita', 'Ghid rapid pentru alegerea unei bormașini potrivite, în funcție de tipul de lucru.', '<p>Alegerea bormașinii potrivite depinde de materialele în care lucrezi, de frecvența utilizării și de tipul alimentării (rețea sau acumulator).</p>', 1, 1, 1, '2025-12-12 13:56:40', 'Cum alegi bormașina potrivită', 'Ghid de alegere a bormașinii pentru proiecte DIY sau profesionale.', '2025-12-12 13:56:40', '2025-12-12 13:56:40'),
(2, 'Organizarea flotei de scule într-un depozit B2B', 'organizarea-flotei-de-scule-b2b', 'Recomandări pentru gestionarea eficientă a sculelor într-un depozit sau atelier.', '<p>Pentru companiile B2B, organizarea sculelor și echipamentelor este esențială pentru productivitate și siguranță.</p>', 2, 1, 1, '2025-12-12 13:56:40', 'Organizarea flotei de scule', 'Sfaturi pentru organizarea sculelor în depozite B2B.', '2025-12-12 13:56:40', '2025-12-12 13:56:40');

-- --------------------------------------------------------

--
-- Structură tabel pentru tabel `brands`
--

CREATE TABLE `brands` (
  `id` bigint UNSIGNED NOT NULL,
  `name` varchar(255) CHARACTER SET utf8mb4 COLLATE utf8mb4_unicode_ci NOT NULL,
  `slug` varchar(255) CHARACTER SET utf8mb4 COLLATE utf8mb4_unicode_ci NOT NULL,
  `logo_path` varchar(255) CHARACTER SET utf8mb4 COLLATE utf8mb4_unicode_ci DEFAULT NULL,
  `description` text CHARACTER SET utf8mb4 COLLATE utf8mb4_unicode_ci,
  `is_published` tinyint(1) NOT NULL DEFAULT '1',
  `sort_order` int NOT NULL DEFAULT '0',
  `created_at` timestamp NULL DEFAULT NULL,
  `updated_at` timestamp NULL DEFAULT NULL
) ENGINE=InnoDB DEFAULT CHARSET=utf8mb4 COLLATE=utf8mb4_unicode_ci;

--
-- Eliminarea datelor din tabel `brands`
--

INSERT INTO `brands` (`id`, `name`, `slug`, `logo_path`, `description`, `is_published`, `sort_order`, `created_at`, `updated_at`) VALUES
(1, 'Bosch Professional', 'bosch-professional', NULL, 'Scule electrice profesionale pentru șantiere și uz intensiv.', 1, 10, '2025-12-12 13:56:40', '2025-12-12 13:56:40'),
(2, 'Makita', 'makita', NULL, 'Scule și echipamente pentru profesioniști și hobby.', 1, 20, '2025-12-12 13:56:40', '2025-12-12 13:56:40'),
(3, 'DeWalt', 'dewalt', NULL, 'Brand orientat către construcții și aplicații industriale.', 1, 30, '2025-12-12 13:56:40', '2025-12-12 13:56:40');

-- --------------------------------------------------------

--
-- Structură tabel pentru tabel `brand_promotion`
--

CREATE TABLE `brand_promotion` (
  `promotion_id` bigint UNSIGNED NOT NULL,
  `brand_id` bigint UNSIGNED NOT NULL
) ENGINE=InnoDB DEFAULT CHARSET=utf8mb4 COLLATE=utf8mb4_unicode_ci;

-- --------------------------------------------------------

--
-- Structură tabel pentru tabel `cache`
--

CREATE TABLE `cache` (
  `key` varchar(255) CHARACTER SET utf8mb4 COLLATE utf8mb4_unicode_ci NOT NULL,
  `value` mediumtext CHARACTER SET utf8mb4 COLLATE utf8mb4_unicode_ci NOT NULL,
  `expiration` int NOT NULL
) ENGINE=InnoDB DEFAULT CHARSET=utf8mb4 COLLATE=utf8mb4_unicode_ci;

-- --------------------------------------------------------

--
-- Structură tabel pentru tabel `cache_locks`
--

CREATE TABLE `cache_locks` (
  `key` varchar(255) CHARACTER SET utf8mb4 COLLATE utf8mb4_unicode_ci NOT NULL,
  `owner` varchar(255) CHARACTER SET utf8mb4 COLLATE utf8mb4_unicode_ci NOT NULL,
  `expiration` int NOT NULL
) ENGINE=InnoDB DEFAULT CHARSET=utf8mb4 COLLATE=utf8mb4_unicode_ci;

-- --------------------------------------------------------

--
-- Structură tabel pentru tabel `carts`
--

CREATE TABLE `carts` (
  `id` bigint UNSIGNED NOT NULL,
  `customer_id` bigint UNSIGNED DEFAULT NULL,
  `user_id` bigint UNSIGNED DEFAULT NULL,
  `session_id` varchar(100) CHARACTER SET utf8mb4 COLLATE utf8mb4_unicode_ci DEFAULT NULL,
  `status` varchar(50) CHARACTER SET utf8mb4 COLLATE utf8mb4_unicode_ci NOT NULL DEFAULT 'active',
  `created_at` timestamp NULL DEFAULT NULL,
  `updated_at` timestamp NULL DEFAULT NULL
) ENGINE=InnoDB DEFAULT CHARSET=utf8mb4 COLLATE=utf8mb4_unicode_ci;

--
-- Eliminarea datelor din tabel `carts`
--

INSERT INTO `carts` (`id`, `customer_id`, `user_id`, `session_id`, `status`, `created_at`, `updated_at`) VALUES
(1, NULL, NULL, 'c6332c01-21fb-476e-8af4-7f4403ae3001', 'active', '2025-12-12 06:24:47', '2025-12-12 06:24:47'),
(2, NULL, 1, NULL, 'active', '2025-12-12 06:37:37', '2025-12-12 06:37:37');

-- --------------------------------------------------------

--
-- Structură tabel pentru tabel `cart_items`
--

CREATE TABLE `cart_items` (
  `id` bigint UNSIGNED NOT NULL,
  `cart_id` bigint UNSIGNED NOT NULL,
  `product_id` bigint UNSIGNED NOT NULL,
  `product_variant_id` bigint UNSIGNED DEFAULT NULL,
  `quantity` int NOT NULL DEFAULT '1',
  `unit_price` decimal(15,2) NOT NULL DEFAULT '0.00',
  `total` decimal(15,2) NOT NULL DEFAULT '0.00',
  `created_at` timestamp NULL DEFAULT NULL,
  `updated_at` timestamp NULL DEFAULT NULL
) ENGINE=InnoDB DEFAULT CHARSET=utf8mb4 COLLATE=utf8mb4_unicode_ci;

-- --------------------------------------------------------

--
-- Structură tabel pentru tabel `categories`
--

CREATE TABLE `categories` (
  `id` bigint UNSIGNED NOT NULL,
  `name` varchar(255) CHARACTER SET utf8mb4 COLLATE utf8mb4_unicode_ci NOT NULL,
  `slug` varchar(255) CHARACTER SET utf8mb4 COLLATE utf8mb4_unicode_ci NOT NULL,
  `parent_id` bigint UNSIGNED DEFAULT NULL,
  `sort_order` int NOT NULL DEFAULT '0',
  `is_published` tinyint(1) NOT NULL DEFAULT '1',
  `image_path` varchar(255) CHARACTER SET utf8mb4 COLLATE utf8mb4_unicode_ci DEFAULT NULL,
  `banner_desktop` varchar(255) CHARACTER SET utf8mb4 COLLATE utf8mb4_unicode_ci DEFAULT NULL,
  `banner_mobile` varchar(255) CHARACTER SET utf8mb4 COLLATE utf8mb4_unicode_ci DEFAULT NULL,
  `created_at` timestamp NULL DEFAULT NULL,
  `updated_at` timestamp NULL DEFAULT NULL
) ENGINE=InnoDB DEFAULT CHARSET=utf8mb4 COLLATE=utf8mb4_unicode_ci;

--
-- Eliminarea datelor din tabel `categories`
--

INSERT INTO `categories` (`id`, `name`, `slug`, `parent_id`, `sort_order`, `is_published`, `image_path`, `banner_desktop`, `banner_mobile`, `created_at`, `updated_at`) VALUES
(1, 'Catalog general', 'catalog-general', NULL, 0, 1, NULL, NULL, NULL, '2025-12-12 05:30:11', '2025-12-12 05:30:11'),
(2, 'Subcategorie', 's', 1, 0, 1, NULL, NULL, NULL, '2025-12-12 09:49:34', '2025-12-12 09:49:34'),
(6, 'Scule electrice', 'scule-electrice', NULL, 10, 1, NULL, NULL, NULL, '2025-12-12 13:56:40', '2025-12-12 13:56:40'),
(7, 'Scule manuale', 'scule-manuale', NULL, 20, 1, NULL, NULL, NULL, '2025-12-12 13:56:40', '2025-12-12 13:56:40'),
(8, 'Echipamente de protecție', 'echipamente-protectie', NULL, 30, 1, NULL, NULL, NULL, '2025-12-12 13:56:40', '2025-12-12 13:56:40');

-- --------------------------------------------------------

--
-- Structură tabel pentru tabel `category_product`
--

CREATE TABLE `category_product` (
  `category_id` bigint UNSIGNED NOT NULL,
  `product_id` bigint UNSIGNED NOT NULL
) ENGINE=InnoDB DEFAULT CHARSET=utf8mb4 COLLATE=utf8mb4_unicode_ci;

--
-- Eliminarea datelor din tabel `category_product`
--

INSERT INTO `category_product` (`category_id`, `product_id`) VALUES
(1, 1);

-- --------------------------------------------------------

--
-- Structură tabel pentru tabel `category_promotion`
--

CREATE TABLE `category_promotion` (
  `promotion_id` bigint UNSIGNED NOT NULL,
  `category_id` bigint UNSIGNED NOT NULL
) ENGINE=InnoDB DEFAULT CHARSET=utf8mb4 COLLATE=utf8mb4_unicode_ci;

-- --------------------------------------------------------

--
-- Structură tabel pentru tabel `customers`
--

CREATE TABLE `customers` (
  `id` bigint UNSIGNED NOT NULL,
  `type` enum('b2c','b2b') CHARACTER SET utf8mb4 COLLATE utf8mb4_unicode_ci NOT NULL,
  `name` varchar(255) CHARACTER SET utf8mb4 COLLATE utf8mb4_unicode_ci NOT NULL,
  `legal_name` varchar(255) CHARACTER SET utf8mb4 COLLATE utf8mb4_unicode_ci DEFAULT NULL,
  `cif` varchar(50) CHARACTER SET utf8mb4 COLLATE utf8mb4_unicode_ci DEFAULT NULL,
  `reg_com` varchar(50) CHARACTER SET utf8mb4 COLLATE utf8mb4_unicode_ci DEFAULT NULL,
  `iban` varchar(50) CHARACTER SET utf8mb4 COLLATE utf8mb4_unicode_ci DEFAULT NULL,
  `email` varchar(255) CHARACTER SET utf8mb4 COLLATE utf8mb4_unicode_ci DEFAULT NULL,
  `phone` varchar(50) CHARACTER SET utf8mb4 COLLATE utf8mb4_unicode_ci DEFAULT NULL,
  `group_id` bigint UNSIGNED DEFAULT NULL,
  `agent_user_id` bigint UNSIGNED DEFAULT NULL,
  `sales_director_user_id` bigint UNSIGNED DEFAULT NULL,
  `payment_terms_days` int NOT NULL DEFAULT '0',
  `credit_limit` decimal(15,2) NOT NULL DEFAULT '0.00',
  `current_balance` decimal(15,2) NOT NULL DEFAULT '0.00',
  `currency` varchar(10) CHARACTER SET utf8mb4 COLLATE utf8mb4_unicode_ci NOT NULL DEFAULT 'RON',
  `is_active` tinyint(1) NOT NULL DEFAULT '1',
  `is_partner` tinyint(1) NOT NULL DEFAULT '0',
  `created_at` timestamp NULL DEFAULT NULL,
  `updated_at` timestamp NULL DEFAULT NULL
) ENGINE=InnoDB DEFAULT CHARSET=utf8mb4 COLLATE=utf8mb4_unicode_ci;

--
-- Eliminarea datelor din tabel `customers`
--

INSERT INTO `customers` (`id`, `type`, `name`, `legal_name`, `cif`, `reg_com`, `iban`, `email`, `phone`, `group_id`, `agent_user_id`, `sales_director_user_id`, `payment_terms_days`, `credit_limit`, `current_balance`, `currency`, `is_active`, `is_partner`, `created_at`, `updated_at`) VALUES
(1, 'b2c', 'binar cod', NULL, NULL, NULL, NULL, 'cod.binar@gmail.com', '+40758880618', NULL, NULL, NULL, 0, 0.00, 0.00, 'RON', 1, 0, '2025-12-11 14:48:57', '2025-12-11 14:48:57'),
(2, 'b2c', 'binar cod', NULL, NULL, NULL, NULL, 'cod.binar@gmail.com', '+40758880618', NULL, NULL, NULL, 0, 0.00, 0.00, 'RON', 1, 0, '2025-12-11 14:49:19', '2025-12-11 14:49:19'),
(3, 'b2c', 'binar cod', NULL, NULL, NULL, NULL, 'cod.binar@gmail.com', '+40758880618', NULL, NULL, NULL, 0, 0.00, 0.00, 'RON', 1, 0, '2025-12-11 14:50:11', '2025-12-11 14:50:11'),
(4, 'b2b', 'binar cod', NULL, NULL, NULL, NULL, 'cod.binar@gmail.com', '+40758880618', NULL, 4, 5, 0, 0.00, 0.00, 'RON', 1, 0, '2025-12-11 14:50:23', '2025-12-11 14:50:23'),
(5, 'b2c', 'Client B2C', NULL, NULL, NULL, NULL, 'clientb2c@test.com', '0700000002', NULL, NULL, NULL, 0, 0.00, 0.00, 'RON', 1, 0, '2025-12-15 12:00:00', '2025-12-15 12:00:00');

-- --------------------------------------------------------

--
-- Structură tabel pentru tabel `customer_groups`
--

CREATE TABLE `customer_groups` (
  `id` bigint UNSIGNED NOT NULL,
  `name` varchar(255) CHARACTER SET utf8mb4 COLLATE utf8mb4_unicode_ci NOT NULL,
  `type` enum('b2b','b2c') CHARACTER SET utf8mb4 COLLATE utf8mb4_unicode_ci NOT NULL,
  `default_discount_percent` decimal(8,2) NOT NULL DEFAULT '0.00',
  `default_payment_terms_days` int NOT NULL DEFAULT '0',
  `default_credit_limit` decimal(15,2) NOT NULL DEFAULT '0.00',
  `created_at` timestamp NULL DEFAULT NULL,
  `updated_at` timestamp NULL DEFAULT NULL
) ENGINE=InnoDB DEFAULT CHARSET=utf8mb4 COLLATE=utf8mb4_unicode_ci;

--
-- Eliminarea datelor din tabel `customer_groups`
--

INSERT INTO `customer_groups` (`id`, `name`, `type`, `default_discount_percent`, `default_payment_terms_days`, `default_credit_limit`, `created_at`, `updated_at`) VALUES
(1, 'Grup b2c', 'b2c', 0.00, 0, 0.00, '2025-12-12 07:09:29', '2025-12-12 07:09:29'),
(2, 'Grup b2b silver', 'b2b', 0.00, 0, 0.00, '2025-12-12 07:09:44', '2025-12-12 07:09:44'),
(3, 'grup b2b gold', 'b2b', 0.00, 0, 0.00, '2025-12-12 07:10:00', '2025-12-12 07:10:00');

-- --------------------------------------------------------

--
-- Structură tabel pentru tabel `customer_group_promotion`
--

CREATE TABLE `customer_group_promotion` (
  `promotion_id` bigint UNSIGNED NOT NULL,
  `customer_group_id` bigint UNSIGNED NOT NULL
) ENGINE=InnoDB DEFAULT CHARSET=utf8mb4 COLLATE=utf8mb4_unicode_ci;

--
-- Eliminarea datelor din tabel `customer_group_promotion`
--

INSERT INTO `customer_group_promotion` (`promotion_id`, `customer_group_id`) VALUES
(1, 3),
(2, 3);

-- --------------------------------------------------------

--
-- Structură tabel pentru tabel `customer_promotion`
--

CREATE TABLE `customer_promotion` (
  `promotion_id` bigint UNSIGNED NOT NULL,
  `customer_id` bigint UNSIGNED NOT NULL
) ENGINE=InnoDB DEFAULT CHARSET=utf8mb4 COLLATE=utf8mb4_unicode_ci;

-- --------------------------------------------------------

--
-- Structură tabel pentru tabel `erp_sync_logs`
--

CREATE TABLE `erp_sync_logs` (
  `id` bigint UNSIGNED NOT NULL,
  `entity_type` varchar(50) CHARACTER SET utf8mb4 COLLATE utf8mb4_unicode_ci NOT NULL,
  `direction` varchar(20) CHARACTER SET utf8mb4 COLLATE utf8mb4_unicode_ci NOT NULL,
  `external_id` varchar(255) CHARACTER SET utf8mb4 COLLATE utf8mb4_unicode_ci DEFAULT NULL,
  `status` varchar(20) CHARACTER SET utf8mb4 COLLATE utf8mb4_unicode_ci NOT NULL DEFAULT 'pending',
  `payload` json DEFAULT NULL,
  `message` text CHARACTER SET utf8mb4 COLLATE utf8mb4_unicode_ci,
  `run_at` timestamp NULL DEFAULT NULL,
  `created_at` timestamp NULL DEFAULT NULL,
  `updated_at` timestamp NULL DEFAULT NULL
) ENGINE=InnoDB DEFAULT CHARSET=utf8mb4 COLLATE=utf8mb4_unicode_ci;

-- --------------------------------------------------------

--
-- Structură tabel pentru tabel `failed_jobs`
--

CREATE TABLE `failed_jobs` (
  `id` bigint UNSIGNED NOT NULL,
  `uuid` varchar(255) CHARACTER SET utf8mb4 COLLATE utf8mb4_unicode_ci NOT NULL,
  `connection` text CHARACTER SET utf8mb4 COLLATE utf8mb4_unicode_ci NOT NULL,
  `queue` text CHARACTER SET utf8mb4 COLLATE utf8mb4_unicode_ci NOT NULL,
  `payload` longtext CHARACTER SET utf8mb4 COLLATE utf8mb4_unicode_ci NOT NULL,
  `exception` longtext CHARACTER SET utf8mb4 COLLATE utf8mb4_unicode_ci NOT NULL,
  `failed_at` timestamp NOT NULL DEFAULT CURRENT_TIMESTAMP
) ENGINE=InnoDB DEFAULT CHARSET=utf8mb4 COLLATE=utf8mb4_unicode_ci;

-- --------------------------------------------------------

--
-- Structură tabel pentru tabel `invoices`
--

CREATE TABLE `invoices` (
  `id` bigint UNSIGNED NOT NULL,
  `customer_id` bigint UNSIGNED NOT NULL,
  `order_id` bigint UNSIGNED DEFAULT NULL,
  `erp_id` varchar(255) CHARACTER SET utf8mb4 COLLATE utf8mb4_unicode_ci DEFAULT NULL,
  `type` varchar(20) CHARACTER SET utf8mb4 COLLATE utf8mb4_unicode_ci NOT NULL DEFAULT 'invoice',
  `series` varchar(20) CHARACTER SET utf8mb4 COLLATE utf8mb4_unicode_ci DEFAULT NULL,
  `number` varchar(50) CHARACTER SET utf8mb4 COLLATE utf8mb4_unicode_ci DEFAULT NULL,
  `status` varchar(20) CHARACTER SET utf8mb4 COLLATE utf8mb4_unicode_ci NOT NULL DEFAULT 'issued',
  `issue_date` date DEFAULT NULL,
  `due_date` date DEFAULT NULL,
  `subtotal` decimal(15,2) NOT NULL DEFAULT '0.00',
  `tax_total` decimal(15,2) NOT NULL DEFAULT '0.00',
  `total` decimal(15,2) NOT NULL DEFAULT '0.00',
  `currency` varchar(10) CHARACTER SET utf8mb4 COLLATE utf8mb4_unicode_ci NOT NULL DEFAULT 'RON',
  `pdf_url` varchar(255) CHARACTER SET utf8mb4 COLLATE utf8mb4_unicode_ci DEFAULT NULL,
  `meta` json DEFAULT NULL,
  `created_at` timestamp NULL DEFAULT NULL,
  `updated_at` timestamp NULL DEFAULT NULL
) ENGINE=InnoDB DEFAULT CHARSET=utf8mb4 COLLATE=utf8mb4_unicode_ci;

-- --------------------------------------------------------

--
-- Structură tabel pentru tabel `jobs`
--

CREATE TABLE `jobs` (
  `id` bigint UNSIGNED NOT NULL,
  `queue` varchar(255) CHARACTER SET utf8mb4 COLLATE utf8mb4_unicode_ci NOT NULL,
  `payload` longtext CHARACTER SET utf8mb4 COLLATE utf8mb4_unicode_ci NOT NULL,
  `attempts` tinyint UNSIGNED NOT NULL,
  `reserved_at` int UNSIGNED DEFAULT NULL,
  `available_at` int UNSIGNED NOT NULL,
  `created_at` int UNSIGNED NOT NULL
) ENGINE=InnoDB DEFAULT CHARSET=utf8mb4 COLLATE=utf8mb4_unicode_ci;

-- --------------------------------------------------------

--
-- Structură tabel pentru tabel `job_batches`
--

CREATE TABLE `job_batches` (
  `id` varchar(255) CHARACTER SET utf8mb4 COLLATE utf8mb4_unicode_ci NOT NULL,
  `name` varchar(255) CHARACTER SET utf8mb4 COLLATE utf8mb4_unicode_ci NOT NULL,
  `total_jobs` int NOT NULL,
  `pending_jobs` int NOT NULL,
  `failed_jobs` int NOT NULL,
  `failed_job_ids` longtext CHARACTER SET utf8mb4 COLLATE utf8mb4_unicode_ci NOT NULL,
  `options` mediumtext CHARACTER SET utf8mb4 COLLATE utf8mb4_unicode_ci,
  `cancelled_at` int DEFAULT NULL,
  `created_at` int NOT NULL,
  `finished_at` int DEFAULT NULL
) ENGINE=InnoDB DEFAULT CHARSET=utf8mb4 COLLATE=utf8mb4_unicode_ci;

-- --------------------------------------------------------

--
-- Structură tabel pentru tabel `migrations`
--

CREATE TABLE `migrations` (
  `id` int UNSIGNED NOT NULL,
  `migration` varchar(255) CHARACTER SET utf8mb4 COLLATE utf8mb4_unicode_ci NOT NULL,
  `batch` int NOT NULL
) ENGINE=InnoDB DEFAULT CHARSET=utf8mb4 COLLATE=utf8mb4_unicode_ci;

--
-- Eliminarea datelor din tabel `migrations`
--

INSERT INTO `migrations` (`id`, `migration`, `batch`) VALUES
(1, '0001_01_01_000001_create_cache_table', 1),
(2, '0001_01_01_000002_create_jobs_table', 1),
(3, '2025_01_01_000100_create_customer_groups_table', 1),
(4, '2025_01_01_000200_create_customers_table', 1),
(5, '2025_01_01_000300_create_users_table_custom', 1),
(6, '2025_01_01_000400_create_addresses_table', 1),
(7, '2025_01_01_000500_create_categories_table', 1),
(8, '2025_01_01_000600_create_brands_table', 1),
(9, '2025_01_01_000700_create_products_tables', 1),
(10, '2025_01_01_000800_create_cart_tables', 1),
(11, '2025_01_01_000850_create_shipping_tables', 1),
(12, '2025_01_01_000900_create_orders_tables', 1),
(13, '2025_01_01_001000_create_promotions_tables', 1),
(14, '2025_12_11_111146_create_personal_access_tokens_table', 1),
(15, '2025_12_11_112528_create_tickets_tables', 1),
(16, '2025_12_11_113024_create_sales_representatives_table', 1),
(17, '2025_12_11_113211_create_partner_requests_table', 1),
(18, '2025_12_11_113341_create_payments_table', 1),
(19, '2025_12_11_113443_create_blog_tables', 1),
(20, '2025_12_11_115702_create_recently_viewed_products_table', 1),
(21, '2025_12_11_115720_create_product_comparisons_table', 1),
(22, '2025_12_11_115730_create_order_templates_tables', 1),
(23, '2025_12_11_120545_create_notifications_table', 1),
(24, '2025_12_11_121016_create_quote_requests_tables', 1),
(25, '2025_12_11_121042_add_sales_links_to_customers_table', 1),
(26, '2025_12_11_121351_create_erp_sync_logs_table', 1),
(27, '2025_12_11_121500_create_shipments_table', 1),
(28, '2025_12_11_121929_create_roles_and_permissions_tables', 1),
(29, '2025_12_11_122225_create_audit_logs_table', 1),
(30, '2025_12_11_131138_add_cancellation_fields_to_orders_table', 1),
(31, '2025_12_11_131321_create_invoices_table', 1),
(32, '2025_12_11_131517_add_b2b_fields_to_users_table', 1),
(33, '2025_12_11_131550_add_approval_fields_to_orders_table', 1),
(34, '2025_12_11_132905_add_flags_to_products_table', 1),
(35, '2025_12_11_165414_add_slug_to_roles_table', 2),
(36, '2025_12_15_094116_add_price_to_products_table', 3),
(37, '2025_12_15_141740_create_product_documents_table', 4);

-- --------------------------------------------------------

--
-- Structură tabel pentru tabel `notifications`
--

CREATE TABLE `notifications` (
  `id` char(36) CHARACTER SET utf8mb4 COLLATE utf8mb4_unicode_ci NOT NULL,
  `type` varchar(255) CHARACTER SET utf8mb4 COLLATE utf8mb4_unicode_ci NOT NULL,
  `notifiable_type` varchar(255) CHARACTER SET utf8mb4 COLLATE utf8mb4_unicode_ci NOT NULL,
  `notifiable_id` bigint UNSIGNED NOT NULL,
  `data` text CHARACTER SET utf8mb4 COLLATE utf8mb4_unicode_ci NOT NULL,
  `read_at` timestamp NULL DEFAULT NULL,
  `created_at` timestamp NULL DEFAULT NULL,
  `updated_at` timestamp NULL DEFAULT NULL
) ENGINE=InnoDB DEFAULT CHARSET=utf8mb4 COLLATE=utf8mb4_unicode_ci;

-- --------------------------------------------------------

--
-- Structură tabel pentru tabel `orders`
--

CREATE TABLE `orders` (
  `id` bigint UNSIGNED NOT NULL,
  `order_number` varchar(255) CHARACTER SET utf8mb4 COLLATE utf8mb4_unicode_ci NOT NULL,
  `customer_id` bigint UNSIGNED NOT NULL,
  `placed_by_user_id` bigint UNSIGNED DEFAULT NULL,
  `status` varchar(50) CHARACTER SET utf8mb4 COLLATE utf8mb4_unicode_ci NOT NULL DEFAULT 'pending',
  `approval_status` varchar(50) CHARACTER SET utf8mb4 COLLATE utf8mb4_unicode_ci NOT NULL DEFAULT 'none',
  `approved_by_user_id` bigint UNSIGNED DEFAULT NULL,
  `approved_at` timestamp NULL DEFAULT NULL,
  `type` varchar(20) CHARACTER SET utf8mb4 COLLATE utf8mb4_unicode_ci NOT NULL DEFAULT 'b2c',
  `total_items` int NOT NULL DEFAULT '0',
  `subtotal` decimal(15,2) NOT NULL DEFAULT '0.00',
  `discount_total` decimal(15,2) NOT NULL DEFAULT '0.00',
  `tax_total` decimal(15,2) NOT NULL DEFAULT '0.00',
  `shipping_total` decimal(15,2) NOT NULL DEFAULT '0.00',
  `grand_total` decimal(15,2) NOT NULL DEFAULT '0.00',
  `currency` varchar(10) CHARACTER SET utf8mb4 COLLATE utf8mb4_unicode_ci NOT NULL DEFAULT 'RON',
  `payment_method` varchar(50) CHARACTER SET utf8mb4 COLLATE utf8mb4_unicode_ci DEFAULT NULL,
  `payment_status` varchar(50) CHARACTER SET utf8mb4 COLLATE utf8mb4_unicode_ci NOT NULL DEFAULT 'pending',
  `shipping_method_id` bigint UNSIGNED DEFAULT NULL,
  `billing_address_id` bigint UNSIGNED DEFAULT NULL,
  `shipping_address_id` bigint UNSIGNED DEFAULT NULL,
  `credit_blocked` tinyint(1) NOT NULL DEFAULT '0',
  `placed_at` timestamp NULL DEFAULT NULL,
  `cancelled_at` timestamp NULL DEFAULT NULL,
  `cancel_reason` varchar(255) CHARACTER SET utf8mb4 COLLATE utf8mb4_unicode_ci DEFAULT NULL,
  `auto_cancelled` tinyint(1) NOT NULL DEFAULT '0',
  `due_date` timestamp NULL DEFAULT NULL,
  `created_at` timestamp NULL DEFAULT NULL,
  `updated_at` timestamp NULL DEFAULT NULL
) ENGINE=InnoDB DEFAULT CHARSET=utf8mb4 COLLATE=utf8mb4_unicode_ci;

--
-- Eliminarea datelor din tabel `orders`
--

INSERT INTO `orders` (`id`, `order_number`, `customer_id`, `placed_by_user_id`, `status`, `approval_status`, `approved_by_user_id`, `approved_at`, `type`, `total_items`, `subtotal`, `discount_total`, `tax_total`, `shipping_total`, `grand_total`, `currency`, `payment_method`, `payment_status`, `shipping_method_id`, `billing_address_id`, `shipping_address_id`, `credit_blocked`, `placed_at`, `cancelled_at`, `cancel_reason`, `auto_cancelled`, `due_date`, `created_at`, `updated_at`) VALUES
(1, 'B2C-1001', 1, 2, 'processing', 'none', NULL, NULL, 'b2c', 3, 1149.70, 50.00, 209.44, 25.00, 1334.14, 'RON', 'card', 'paid', 1, NULL, NULL, 0, '2025-12-12 13:56:40', NULL, NULL, 0, NULL, '2025-12-12 13:56:40', '2025-12-12 13:56:40'),
(2, 'B2B-2001', 4, 1, 'pending', 'pending', NULL, NULL, 'b2b', 5, 3599.40, 360.00, 615.07, 0.00, 3854.47, 'RON', 'op', 'pending', 2, NULL, NULL, 1, '2025-12-12 13:56:40', NULL, NULL, 0, '2026-01-11 13:56:40', '2025-12-12 13:56:40', '2025-12-12 13:56:40');

-- --------------------------------------------------------

--
-- Structură tabel pentru tabel `order_items`
--

CREATE TABLE `order_items` (
  `id` bigint UNSIGNED NOT NULL,
  `order_id` bigint UNSIGNED NOT NULL,
  `product_id` bigint UNSIGNED DEFAULT NULL,
  `product_variant_id` bigint UNSIGNED DEFAULT NULL,
  `product_name` varchar(255) CHARACTER SET utf8mb4 COLLATE utf8mb4_unicode_ci NOT NULL,
  `sku` varchar(100) CHARACTER SET utf8mb4 COLLATE utf8mb4_unicode_ci DEFAULT NULL,
  `quantity` int NOT NULL DEFAULT '1',
  `unit_price` decimal(15,2) NOT NULL DEFAULT '0.00',
  `discount_amount` decimal(15,2) NOT NULL DEFAULT '0.00',
  `tax_amount` decimal(15,2) NOT NULL DEFAULT '0.00',
  `total` decimal(15,2) NOT NULL DEFAULT '0.00',
  `created_at` timestamp NULL DEFAULT NULL,
  `updated_at` timestamp NULL DEFAULT NULL
) ENGINE=InnoDB DEFAULT CHARSET=utf8mb4 COLLATE=utf8mb4_unicode_ci;

-- --------------------------------------------------------

--
-- Structură tabel pentru tabel `order_templates`
--

CREATE TABLE `order_templates` (
  `id` bigint UNSIGNED NOT NULL,
  `user_id` bigint UNSIGNED NOT NULL,
  `name` varchar(255) CHARACTER SET utf8mb4 COLLATE utf8mb4_unicode_ci NOT NULL,
  `notes` text CHARACTER SET utf8mb4 COLLATE utf8mb4_unicode_ci,
  `created_at` timestamp NULL DEFAULT NULL,
  `updated_at` timestamp NULL DEFAULT NULL
) ENGINE=InnoDB DEFAULT CHARSET=utf8mb4 COLLATE=utf8mb4_unicode_ci;

-- --------------------------------------------------------

--
-- Structură tabel pentru tabel `order_template_items`
--

CREATE TABLE `order_template_items` (
  `id` bigint UNSIGNED NOT NULL,
  `order_template_id` bigint UNSIGNED NOT NULL,
  `product_id` bigint UNSIGNED NOT NULL,
  `product_variant_id` bigint UNSIGNED DEFAULT NULL,
  `quantity` decimal(15,3) NOT NULL DEFAULT '1.000',
  `created_at` timestamp NULL DEFAULT NULL,
  `updated_at` timestamp NULL DEFAULT NULL
) ENGINE=InnoDB DEFAULT CHARSET=utf8mb4 COLLATE=utf8mb4_unicode_ci;

-- --------------------------------------------------------

--
-- Structură tabel pentru tabel `pages`
--

CREATE TABLE `pages` (
  `id` bigint UNSIGNED NOT NULL,
  `title` varchar(255) CHARACTER SET utf8mb4 COLLATE utf8mb4_unicode_ci NOT NULL,
  `slug` varchar(255) CHARACTER SET utf8mb4 COLLATE utf8mb4_unicode_ci NOT NULL,
  `content` longtext CHARACTER SET utf8mb4 COLLATE utf8mb4_unicode_ci NOT NULL,
  `is_published` tinyint(1) NOT NULL DEFAULT '1',
  `meta_title` varchar(255) CHARACTER SET utf8mb4 COLLATE utf8mb4_unicode_ci DEFAULT NULL,
  `meta_description` varchar(255) CHARACTER SET utf8mb4 COLLATE utf8mb4_unicode_ci DEFAULT NULL,
  `created_at` timestamp NULL DEFAULT NULL,
  `updated_at` timestamp NULL DEFAULT NULL
) ENGINE=InnoDB DEFAULT CHARSET=utf8mb4 COLLATE=utf8mb4_unicode_ci;

--
-- Eliminarea datelor din tabel `pages`
--

INSERT INTO `pages` (`id`, `title`, `slug`, `content`, `is_published`, `meta_title`, `meta_description`, `created_at`, `updated_at`) VALUES
(1, 'Despre noi', 'despre-noi', '<h2>Despre platformă</h2><p>Aceasta este o platformă demo B2B/B2C pentru distribuție de scule, unelte și echipamente.</p>', 1, 'Despre noi', 'Informații despre companie și platformă.', '2025-12-12 13:56:40', '2025-12-12 13:56:40'),
(2, 'Termeni și condiții', 'termeni-conditii', '<h2>Termeni și condiții</h2><p>Condițiile comerciale și termenele standard se afișează aici.</p>', 1, 'Termeni și condiții', 'Termeni și condiții pentru utilizarea platformei.', '2025-12-12 13:56:40', '2025-12-12 13:56:40'),
(3, 'Politica GDPR', 'gdpr', '<h2>Politica GDPR</h2><p>Descrierea modului în care prelucrăm datele cu caracter personal.</p>', 1, 'Politica GDPR', 'Informații privind protecția datelor personale.', '2025-12-12 13:56:40', '2025-12-12 13:56:40');

-- --------------------------------------------------------

--
-- Structură tabel pentru tabel `partner_requests`
--

CREATE TABLE `partner_requests` (
  `id` bigint UNSIGNED NOT NULL,
  `company_name` varchar(255) CHARACTER SET utf8mb4 COLLATE utf8mb4_unicode_ci NOT NULL,
  `cif` varchar(50) CHARACTER SET utf8mb4 COLLATE utf8mb4_unicode_ci DEFAULT NULL,
  `reg_com` varchar(50) CHARACTER SET utf8mb4 COLLATE utf8mb4_unicode_ci DEFAULT NULL,
  `iban` varchar(50) CHARACTER SET utf8mb4 COLLATE utf8mb4_unicode_ci DEFAULT NULL,
  `contact_name` varchar(255) CHARACTER SET utf8mb4 COLLATE utf8mb4_unicode_ci NOT NULL,
  `email` varchar(255) CHARACTER SET utf8mb4 COLLATE utf8mb4_unicode_ci NOT NULL,
  `phone` varchar(50) CHARACTER SET utf8mb4 COLLATE utf8mb4_unicode_ci DEFAULT NULL,
  `region` varchar(100) CHARACTER SET utf8mb4 COLLATE utf8mb4_unicode_ci DEFAULT NULL,
  `activity_type` varchar(100) CHARACTER SET utf8mb4 COLLATE utf8mb4_unicode_ci DEFAULT NULL,
  `notes` text CHARACTER SET utf8mb4 COLLATE utf8mb4_unicode_ci,
  `status` varchar(50) CHARACTER SET utf8mb4 COLLATE utf8mb4_unicode_ci NOT NULL DEFAULT 'new',
  `assigned_agent_id` bigint UNSIGNED DEFAULT NULL,
  `created_at` timestamp NULL DEFAULT NULL,
  `updated_at` timestamp NULL DEFAULT NULL
) ENGINE=InnoDB DEFAULT CHARSET=utf8mb4 COLLATE=utf8mb4_unicode_ci;

-- --------------------------------------------------------

--
-- Structură tabel pentru tabel `payments`
--

CREATE TABLE `payments` (
  `id` bigint UNSIGNED NOT NULL,
  `customer_id` bigint UNSIGNED NOT NULL,
  `order_id` bigint UNSIGNED DEFAULT NULL,
  `recorded_by_user_id` bigint UNSIGNED DEFAULT NULL,
  `type` enum('chs','bo','cec','card','op') CHARACTER SET utf8mb4 COLLATE utf8mb4_unicode_ci NOT NULL,
  `channel` varchar(50) CHARACTER SET utf8mb4 COLLATE utf8mb4_unicode_ci DEFAULT NULL,
  `amount` decimal(15,2) NOT NULL,
  `currency` varchar(10) CHARACTER SET utf8mb4 COLLATE utf8mb4_unicode_ci NOT NULL DEFAULT 'RON',
  `status` varchar(50) CHARACTER SET utf8mb4 COLLATE utf8mb4_unicode_ci NOT NULL DEFAULT 'confirmed',
  `payment_date` timestamp NULL DEFAULT NULL,
  `document_number` varchar(100) CHARACTER SET utf8mb4 COLLATE utf8mb4_unicode_ci DEFAULT NULL,
  `notes` text CHARACTER SET utf8mb4 COLLATE utf8mb4_unicode_ci,
  `created_at` timestamp NULL DEFAULT NULL,
  `updated_at` timestamp NULL DEFAULT NULL
) ENGINE=InnoDB DEFAULT CHARSET=utf8mb4 COLLATE=utf8mb4_unicode_ci;

-- --------------------------------------------------------

--
-- Structură tabel pentru tabel `permissions`
--

CREATE TABLE `permissions` (
  `id` bigint UNSIGNED NOT NULL,
  `name` varchar(255) CHARACTER SET utf8mb4 COLLATE utf8mb4_unicode_ci NOT NULL,
  `code` varchar(255) CHARACTER SET utf8mb4 COLLATE utf8mb4_unicode_ci NOT NULL,
  `module` varchar(100) CHARACTER SET utf8mb4 COLLATE utf8mb4_unicode_ci DEFAULT NULL,
  `description` varchar(255) CHARACTER SET utf8mb4 COLLATE utf8mb4_unicode_ci DEFAULT NULL,
  `created_at` timestamp NULL DEFAULT NULL,
  `updated_at` timestamp NULL DEFAULT NULL
) ENGINE=InnoDB DEFAULT CHARSET=utf8mb4 COLLATE=utf8mb4_unicode_ci;

-- --------------------------------------------------------

--
-- Structură tabel pentru tabel `permission_role`
--

CREATE TABLE `permission_role` (
  `role_id` bigint UNSIGNED NOT NULL,
  `permission_id` bigint UNSIGNED NOT NULL
) ENGINE=InnoDB DEFAULT CHARSET=utf8mb4 COLLATE=utf8mb4_unicode_ci;

-- --------------------------------------------------------

--
-- Structură tabel pentru tabel `personal_access_tokens`
--

CREATE TABLE `personal_access_tokens` (
  `id` bigint UNSIGNED NOT NULL,
  `tokenable_type` varchar(255) CHARACTER SET utf8mb4 COLLATE utf8mb4_unicode_ci NOT NULL,
  `tokenable_id` bigint UNSIGNED NOT NULL,
  `name` text CHARACTER SET utf8mb4 COLLATE utf8mb4_unicode_ci NOT NULL,
  `token` varchar(64) CHARACTER SET utf8mb4 COLLATE utf8mb4_unicode_ci NOT NULL,
  `abilities` text CHARACTER SET utf8mb4 COLLATE utf8mb4_unicode_ci,
  `last_used_at` timestamp NULL DEFAULT NULL,
  `expires_at` timestamp NULL DEFAULT NULL,
  `created_at` timestamp NULL DEFAULT NULL,
  `updated_at` timestamp NULL DEFAULT NULL
) ENGINE=InnoDB DEFAULT CHARSET=utf8mb4 COLLATE=utf8mb4_unicode_ci;

--
-- Eliminarea datelor din tabel `personal_access_tokens`
--

INSERT INTO `personal_access_tokens` (`id`, `tokenable_type`, `tokenable_id`, `name`, `token`, `abilities`, `last_used_at`, `expires_at`, `created_at`, `updated_at`) VALUES
(2, 'App\\Models\\User', 1, 'spa', 'cd12d255ddaf85693ca3e2b2a72d9edfc39f393c9b371f901eec43686a4fdece', '[\"*\"]', NULL, NULL, '2025-12-11 15:03:13', '2025-12-11 15:03:13'),
(4, 'App\\Models\\User', 1, 'spa', 'a5d73e2c38cc9f10c87f326525372a73d950797a198d0bf24a03216e9775dabb', '[\"*\"]', '2025-12-12 08:45:56', NULL, '2025-12-12 05:14:17', '2025-12-12 08:45:56'),
(5, 'App\\Models\\User', 1, 'spa', '8d6fdb14811b400544e975de3ed9cbec0c6f22b1f53d03854bb2f5d173112f29', '[\"*\"]', '2025-12-15 12:43:13', NULL, '2025-12-12 09:00:05', '2025-12-15 12:43:13'),
(7, 'App\\Models\\User', 4, 'spa', '7c2bf917a8ac02628e170bf693e2baad078a51979240ea4f7341ca335cc18883', '[\"*\"]', '2025-12-15 11:44:46', NULL, '2025-12-15 11:44:45', '2025-12-15 11:44:46');

-- --------------------------------------------------------

--
-- Structură tabel pentru tabel `products`
--

CREATE TABLE `products` (
  `id` bigint UNSIGNED NOT NULL,
  `name` varchar(255) CHARACTER SET utf8mb4 COLLATE utf8mb4_unicode_ci NOT NULL,
  `price` decimal(12,2) NOT NULL DEFAULT '0.00',
  `slug` varchar(255) CHARACTER SET utf8mb4 COLLATE utf8mb4_unicode_ci NOT NULL,
  `internal_code` varchar(100) CHARACTER SET utf8mb4 COLLATE utf8mb4_unicode_ci NOT NULL,
  `barcode` varchar(100) CHARACTER SET utf8mb4 COLLATE utf8mb4_unicode_ci DEFAULT NULL,
  `erp_id` varchar(100) CHARACTER SET utf8mb4 COLLATE utf8mb4_unicode_ci DEFAULT NULL,
  `short_description` text CHARACTER SET utf8mb4 COLLATE utf8mb4_unicode_ci,
  `long_description` longtext CHARACTER SET utf8mb4 COLLATE utf8mb4_unicode_ci,
  `main_category_id` bigint UNSIGNED NOT NULL,
  `brand_id` bigint UNSIGNED DEFAULT NULL,
  `status` enum('published','hidden') CHARACTER SET utf8mb4 COLLATE utf8mb4_unicode_ci NOT NULL DEFAULT 'hidden',
  `sort_order` int NOT NULL DEFAULT '0',
  `list_price` decimal(15,2) NOT NULL DEFAULT '0.00',
  `rrp_price` decimal(15,2) NOT NULL DEFAULT '0.00',
  `vat_rate` decimal(5,2) NOT NULL DEFAULT '19.00',
  `price_override` decimal(15,2) DEFAULT NULL,
  `stock_status` varchar(50) CHARACTER SET utf8mb4 COLLATE utf8mb4_unicode_ci NOT NULL DEFAULT 'in_stock',
  `stock_qty` int NOT NULL DEFAULT '0',
  `supplier_stock_qty` int NOT NULL DEFAULT '0',
  `lead_time_days` int NOT NULL DEFAULT '0',
  `is_new` tinyint(1) NOT NULL DEFAULT '0',
  `is_recommended` tinyint(1) NOT NULL DEFAULT '0',
  `is_on_sale` tinyint(1) NOT NULL DEFAULT '0',
  `is_promo` tinyint(1) NOT NULL DEFAULT '0',
  `is_best_seller` tinyint(1) NOT NULL DEFAULT '0',
  `created_at` timestamp NULL DEFAULT NULL,
  `updated_at` timestamp NULL DEFAULT NULL
) ENGINE=InnoDB DEFAULT CHARSET=utf8mb4 COLLATE=utf8mb4_unicode_ci;

--
-- Eliminarea datelor din tabel `products`
--

INSERT INTO `products` (`id`, `name`, `price`, `slug`, `internal_code`, `barcode`, `erp_id`, `short_description`, `long_description`, `main_category_id`, `brand_id`, `status`, `sort_order`, `list_price`, `rrp_price`, `vat_rate`, `price_override`, `stock_status`, `stock_qty`, `supplier_stock_qty`, `lead_time_days`, `is_new`, `is_recommended`, `is_on_sale`, `is_promo`, `is_best_seller`, `created_at`, `updated_at`) VALUES
(1, 'sdfsdf', 0.00, 'produs', '111', NULL, '12', 'dsf', 'sdfsdfsdfsdf', 2, NULL, 'published', 0, 12.00, 0.00, 19.00, NULL, 'in_stock', 0, 0, 0, 0, 0, 0, 0, 0, '2025-12-12 05:30:42', '2025-12-15 07:49:30');

-- --------------------------------------------------------

--
-- Structură tabel pentru tabel `product_comparisons`
--

CREATE TABLE `product_comparisons` (
  `id` bigint UNSIGNED NOT NULL,
  `user_id` bigint UNSIGNED DEFAULT NULL,
  `session_key` varchar(100) CHARACTER SET utf8mb4 COLLATE utf8mb4_unicode_ci DEFAULT NULL,
  `product_id` bigint UNSIGNED NOT NULL,
  `created_at` timestamp NULL DEFAULT NULL,
  `updated_at` timestamp NULL DEFAULT NULL
) ENGINE=InnoDB DEFAULT CHARSET=utf8mb4 COLLATE=utf8mb4_unicode_ci;

-- --------------------------------------------------------

--
-- Structură tabel pentru tabel `product_documents`
--

CREATE TABLE `product_documents` (
  `id` bigint UNSIGNED NOT NULL,
  `product_id` bigint UNSIGNED NOT NULL,
  `path` varchar(255) COLLATE utf8mb4_unicode_ci NOT NULL,
  `type` varchar(255) COLLATE utf8mb4_unicode_ci DEFAULT NULL,
  `visibility` varchar(255) COLLATE utf8mb4_unicode_ci NOT NULL DEFAULT 'public',
  `created_at` timestamp NULL DEFAULT NULL,
  `updated_at` timestamp NULL DEFAULT NULL
) ENGINE=InnoDB DEFAULT CHARSET=utf8mb4 COLLATE=utf8mb4_unicode_ci;

-- --------------------------------------------------------

--
-- Structură tabel pentru tabel `product_images`
--

CREATE TABLE `product_images` (
  `id` bigint UNSIGNED NOT NULL,
  `product_id` bigint UNSIGNED NOT NULL,
  `path` varchar(255) CHARACTER SET utf8mb4 COLLATE utf8mb4_unicode_ci NOT NULL,
  `is_main` tinyint(1) NOT NULL DEFAULT '0',
  `sort_order` int NOT NULL DEFAULT '0',
  `created_at` timestamp NULL DEFAULT NULL,
  `updated_at` timestamp NULL DEFAULT NULL
) ENGINE=InnoDB DEFAULT CHARSET=utf8mb4 COLLATE=utf8mb4_unicode_ci;

-- --------------------------------------------------------

--
-- Structură tabel pentru tabel `product_promotion`
--

CREATE TABLE `product_promotion` (
  `promotion_id` bigint UNSIGNED NOT NULL,
  `product_id` bigint UNSIGNED NOT NULL
) ENGINE=InnoDB DEFAULT CHARSET=utf8mb4 COLLATE=utf8mb4_unicode_ci;

-- --------------------------------------------------------

--
-- Structură tabel pentru tabel `product_variants`
--

CREATE TABLE `product_variants` (
  `id` bigint UNSIGNED NOT NULL,
  `product_id` bigint UNSIGNED NOT NULL,
  `name` varchar(255) CHARACTER SET utf8mb4 COLLATE utf8mb4_unicode_ci DEFAULT NULL,
  `sku` varchar(100) CHARACTER SET utf8mb4 COLLATE utf8mb4_unicode_ci DEFAULT NULL,
  `barcode` varchar(100) CHARACTER SET utf8mb4 COLLATE utf8mb4_unicode_ci DEFAULT NULL,
  `erp_id` varchar(100) CHARACTER SET utf8mb4 COLLATE utf8mb4_unicode_ci DEFAULT NULL,
  `slug` varchar(255) CHARACTER SET utf8mb4 COLLATE utf8mb4_unicode_ci DEFAULT NULL,
  `list_price` decimal(15,2) NOT NULL DEFAULT '0.00',
  `price_override` decimal(15,2) DEFAULT NULL,
  `stock_qty` int NOT NULL DEFAULT '0',
  `stock_status` varchar(50) CHARACTER SET utf8mb4 COLLATE utf8mb4_unicode_ci NOT NULL DEFAULT 'in_stock',
  `created_at` timestamp NULL DEFAULT NULL,
  `updated_at` timestamp NULL DEFAULT NULL
) ENGINE=InnoDB DEFAULT CHARSET=utf8mb4 COLLATE=utf8mb4_unicode_ci;

-- --------------------------------------------------------

--
-- Structură tabel pentru tabel `promotions`
--

CREATE TABLE `promotions` (
  `id` bigint UNSIGNED NOT NULL,
  `name` varchar(255) CHARACTER SET utf8mb4 COLLATE utf8mb4_unicode_ci NOT NULL,
  `slug` varchar(255) CHARACTER SET utf8mb4 COLLATE utf8mb4_unicode_ci NOT NULL,
  `short_description` varchar(255) CHARACTER SET utf8mb4 COLLATE utf8mb4_unicode_ci DEFAULT NULL,
  `description` text CHARACTER SET utf8mb4 COLLATE utf8mb4_unicode_ci,
  `hero_image` varchar(255) CHARACTER SET utf8mb4 COLLATE utf8mb4_unicode_ci DEFAULT NULL,
  `banner_image` varchar(255) CHARACTER SET utf8mb4 COLLATE utf8mb4_unicode_ci DEFAULT NULL,
  `mobile_image` varchar(255) CHARACTER SET utf8mb4 COLLATE utf8mb4_unicode_ci DEFAULT NULL,
  `start_at` timestamp NULL DEFAULT NULL,
  `end_at` timestamp NULL DEFAULT NULL,
  `status` enum('draft','active','inactive') CHARACTER SET utf8mb4 COLLATE utf8mb4_unicode_ci NOT NULL DEFAULT 'draft',
  `is_exclusive` tinyint(1) NOT NULL DEFAULT '0',
  `is_iterative` tinyint(1) NOT NULL DEFAULT '0',
  `bonus_type` enum('free_item','discount_value','discount_percent') CHARACTER SET utf8mb4 COLLATE utf8mb4_unicode_ci NOT NULL DEFAULT 'discount_percent',
  `discount_type` varchar(255) COLLATE utf8mb4_unicode_ci DEFAULT NULL,
  `discount_percent` decimal(8,2) DEFAULT NULL,
  `discount_value` decimal(15,2) DEFAULT NULL,
  `applies_to` enum('all','categories','brands','products') COLLATE utf8mb4_unicode_ci NOT NULL DEFAULT 'all',
  `min_cart_total` decimal(15,2) NOT NULL DEFAULT '0.00',
  `min_qty_per_product` int NOT NULL DEFAULT '0',
  `customer_type` enum('b2b','b2c','both') CHARACTER SET utf8mb4 COLLATE utf8mb4_unicode_ci NOT NULL DEFAULT 'both',
  `logged_in_only` tinyint(1) NOT NULL DEFAULT '0',
  `created_at` timestamp NULL DEFAULT NULL,
  `updated_at` timestamp NULL DEFAULT NULL
) ENGINE=InnoDB DEFAULT CHARSET=utf8mb4 COLLATE=utf8mb4_unicode_ci;

--
-- Eliminarea datelor din tabel `promotions`
--

INSERT INTO `promotions` (`id`, `name`, `slug`, `short_description`, `description`, `hero_image`, `banner_image`, `mobile_image`, `start_at`, `end_at`, `status`, `is_exclusive`, `is_iterative`, `bonus_type`, `discount_type`, `discount_percent`, `discount_value`, `applies_to`, `min_cart_total`, `min_qty_per_product`, `customer_type`, `logged_in_only`, `created_at`, `updated_at`) VALUES
(1, 'promo 1', 'promo1', 'sdf', 'sdf', NULL, NULL, NULL, '2025-12-11 22:00:00', '2025-12-30 22:00:00', 'active', 0, 0, 'discount_percent', NULL, NULL, NULL, 'all', 10.00, 1, 'both', 1, '2025-12-12 07:12:05', '2025-12-12 07:12:05'),
(2, 'Scule electrice -10% pentru parteneri', 'scule-electrice-10-procent', 'Reducere 10% la toată gama de scule electrice pentru clienți B2B.', 'Campanie dedicată partenerilor B2B: reducere 10% la sculele electrice selectate (bormașini, ciocane rotopercutoare, polizoare).', NULL, NULL, NULL, '2025-12-07 13:56:40', '2026-01-01 13:56:40', 'active', 0, 1, 'discount_percent', NULL, NULL, NULL, 'all', 500.00, 1, 'b2b', 1, '2025-12-12 13:56:40', '2025-12-12 13:56:40'),
(3, 'Echipamente de protecție – pachet avantajos', 'echipamente-protectie-pachet', 'Prețuri speciale la pachete de mănuși și echipamente de protecție.', 'Pachete avantajoase pentru echiparea rapidă a echipelor din teren: mănuși de protecție, ochelari, cască și încălțăminte.', NULL, NULL, NULL, '2025-12-10 13:56:40', '2026-01-11 13:56:40', 'active', 0, 0, 'discount_value', NULL, NULL, NULL, 'all', 300.00, 5, 'both', 0, '2025-12-12 13:56:40', '2025-12-12 13:56:40'),
(4, '1+1 Gratis la orice produs', '1-plus-1-gratis', 'Cumperi un produs, primesti unul gratis', 'Oferta speciala 1+1 gratis la toate produsele.', NULL, NULL, NULL, '2025-12-15 12:00:00', '2026-12-15 12:00:00', 'active', 0, 0, 'free_item', NULL, NULL, NULL, 'all', 0.00, 1, 'both', 0, '2025-12-15 12:00:00', '2025-12-15 12:00:00');

-- --------------------------------------------------------

--
-- Structură tabel pentru tabel `quote_requests`
--

CREATE TABLE `quote_requests` (
  `id` bigint UNSIGNED NOT NULL,
  `customer_id` bigint UNSIGNED NOT NULL,
  `created_by_user_id` bigint UNSIGNED NOT NULL,
  `assigned_agent_id` bigint UNSIGNED DEFAULT NULL,
  `status` varchar(50) CHARACTER SET utf8mb4 COLLATE utf8mb4_unicode_ci NOT NULL DEFAULT 'new',
  `source` varchar(50) CHARACTER SET utf8mb4 COLLATE utf8mb4_unicode_ci DEFAULT NULL,
  `estimated_total` decimal(15,2) NOT NULL DEFAULT '0.00',
  `offered_total` decimal(15,2) NOT NULL DEFAULT '0.00',
  `valid_until` timestamp NULL DEFAULT NULL,
  `customer_notes` text CHARACTER SET utf8mb4 COLLATE utf8mb4_unicode_ci,
  `internal_notes` text CHARACTER SET utf8mb4 COLLATE utf8mb4_unicode_ci,
  `created_at` timestamp NULL DEFAULT NULL,
  `updated_at` timestamp NULL DEFAULT NULL
) ENGINE=InnoDB DEFAULT CHARSET=utf8mb4 COLLATE=utf8mb4_unicode_ci;

-- --------------------------------------------------------

--
-- Structură tabel pentru tabel `quote_request_items`
--

CREATE TABLE `quote_request_items` (
  `id` bigint UNSIGNED NOT NULL,
  `quote_request_id` bigint UNSIGNED NOT NULL,
  `product_id` bigint UNSIGNED NOT NULL,
  `product_variant_id` bigint UNSIGNED DEFAULT NULL,
  `quantity` decimal(15,3) NOT NULL,
  `list_price` decimal(15,2) NOT NULL DEFAULT '0.00',
  `requested_price` decimal(15,2) DEFAULT NULL,
  `offered_price` decimal(15,2) DEFAULT NULL,
  `created_at` timestamp NULL DEFAULT NULL,
  `updated_at` timestamp NULL DEFAULT NULL
) ENGINE=InnoDB DEFAULT CHARSET=utf8mb4 COLLATE=utf8mb4_unicode_ci;

-- --------------------------------------------------------

--
-- Structură tabel pentru tabel `recently_viewed_products`
--

CREATE TABLE `recently_viewed_products` (
  `id` bigint UNSIGNED NOT NULL,
  `user_id` bigint UNSIGNED DEFAULT NULL,
  `session_key` varchar(100) CHARACTER SET utf8mb4 COLLATE utf8mb4_unicode_ci DEFAULT NULL,
  `product_id` bigint UNSIGNED NOT NULL,
  `viewed_at` timestamp NOT NULL,
  `created_at` timestamp NULL DEFAULT NULL,
  `updated_at` timestamp NULL DEFAULT NULL
) ENGINE=InnoDB DEFAULT CHARSET=utf8mb4 COLLATE=utf8mb4_unicode_ci;

-- --------------------------------------------------------

--
-- Structură tabel pentru tabel `related_products`
--

CREATE TABLE `related_products` (
  `id` bigint UNSIGNED NOT NULL,
  `product_id` bigint UNSIGNED NOT NULL,
  `related_product_id` bigint UNSIGNED NOT NULL,
  `type` enum('similar','complementary') CHARACTER SET utf8mb4 COLLATE utf8mb4_unicode_ci NOT NULL DEFAULT 'similar',
  `created_at` timestamp NULL DEFAULT NULL,
  `updated_at` timestamp NULL DEFAULT NULL
) ENGINE=InnoDB DEFAULT CHARSET=utf8mb4 COLLATE=utf8mb4_unicode_ci;

-- --------------------------------------------------------

--
-- Structură tabel pentru tabel `roles`
--

CREATE TABLE `roles` (
  `id` bigint UNSIGNED NOT NULL,
  `slug` varchar(255) CHARACTER SET utf8mb4 COLLATE utf8mb4_unicode_ci NOT NULL,
  `name` varchar(255) CHARACTER SET utf8mb4 COLLATE utf8mb4_unicode_ci NOT NULL,
  `code` varchar(255) CHARACTER SET utf8mb4 COLLATE utf8mb4_unicode_ci NOT NULL,
  `description` varchar(255) CHARACTER SET utf8mb4 COLLATE utf8mb4_unicode_ci DEFAULT NULL,
  `is_system` tinyint(1) NOT NULL DEFAULT '0',
  `created_at` timestamp NULL DEFAULT NULL,
  `updated_at` timestamp NULL DEFAULT NULL
) ENGINE=InnoDB DEFAULT CHARSET=utf8mb4 COLLATE=utf8mb4_unicode_ci;

--
-- Eliminarea datelor din tabel `roles`
--

INSERT INTO `roles` (`id`, `slug`, `name`, `code`, `description`, `is_system`, `created_at`, `updated_at`) VALUES
(1, 'admin', 'Administrator', 'ADMIN', NULL, 0, '2025-12-11 17:00:16', '2025-12-11 17:00:16'),
(2, 'customer_b2c', 'Client B2C', 'CUSTOMER_B2C', NULL, 0, '2025-12-11 17:00:16', '2025-12-11 17:00:16'),
(3, 'customer_b2b', 'Client B2B', 'CUSTOMER_B2B', NULL, 0, '2025-12-11 17:00:16', '2025-12-11 17:00:16'),
(4, 'sales_agent', 'Agent vânzări', 'SALES_AGENT', NULL, 0, '2025-12-11 17:00:16', '2025-12-11 17:00:16'),
(5, 'sales_director', 'Director vânzări', 'SALES_DIRECTOR', NULL, 0, '2025-12-11 17:00:16', '2025-12-11 17:00:16'),
(6, 'operator', 'Operator birou / suport', 'OPERATOR', NULL, 0, '2025-12-11 17:00:16', '2025-12-11 17:00:16'),
(7, 'marketer', 'Marketer', 'MARKETER', NULL, 0, '2025-12-11 17:00:16', '2025-12-11 17:00:16');

-- --------------------------------------------------------

--
-- Structură tabel pentru tabel `role_user`
--

CREATE TABLE `role_user` (
  `role_id` bigint UNSIGNED NOT NULL,
  `user_id` bigint UNSIGNED NOT NULL
) ENGINE=InnoDB DEFAULT CHARSET=utf8mb4 COLLATE=utf8mb4_unicode_ci;

--
-- Eliminarea datelor din tabel `role_user`
--

INSERT INTO `role_user` (`role_id`, `user_id`) VALUES
(1, 1),
(3, 3),
(4, 4),
(5, 5),
(2, 6);

-- --------------------------------------------------------

--
-- Structură tabel pentru tabel `sales_representatives`
--

CREATE TABLE `sales_representatives` (
  `id` bigint UNSIGNED NOT NULL,
  `name` varchar(255) CHARACTER SET utf8mb4 COLLATE utf8mb4_unicode_ci NOT NULL,
  `email` varchar(255) CHARACTER SET utf8mb4 COLLATE utf8mb4_unicode_ci DEFAULT NULL,
  `phone` varchar(50) CHARACTER SET utf8mb4 COLLATE utf8mb4_unicode_ci DEFAULT NULL,
  `region` varchar(100) CHARACTER SET utf8mb4 COLLATE utf8mb4_unicode_ci DEFAULT NULL,
  `counties` json DEFAULT NULL,
  `is_active` tinyint(1) NOT NULL DEFAULT '1',
  `sort_order` int NOT NULL DEFAULT '0',
  `created_at` timestamp NULL DEFAULT NULL,
  `updated_at` timestamp NULL DEFAULT NULL
) ENGINE=InnoDB DEFAULT CHARSET=utf8mb4 COLLATE=utf8mb4_unicode_ci;

--
-- Eliminarea datelor din tabel `sales_representatives`
--

INSERT INTO `sales_representatives` (`id`, `name`, `email`, `phone`, `region`, `counties`, `is_active`, `sort_order`, `created_at`, `updated_at`) VALUES
(1, 'Ion Popescu', 'ion.popescu@example.com', '+40 721 000 111', 'Transilvania', '[\"Cluj\", \"Bihor\", \"Alba\", \"Mureș\"]', 1, 10, '2025-12-12 13:56:40', '2025-12-12 13:56:40'),
(2, 'Maria Ionescu', 'maria.ionescu@example.com', '+40 722 000 222', 'Muntenia', '[\"București\", \"Ilfov\", \"Prahova\", \"Dâmbovița\"]', 1, 20, '2025-12-12 13:56:40', '2025-12-12 13:56:40'),
(3, 'Andrei Georgescu', 'andrei.georgescu@example.com', '+40 723 000 333', 'Moldova', '[\"Iași\", \"Bacău\", \"Neamț\"]', 1, 30, '2025-12-12 13:56:40', '2025-12-12 13:56:40');

-- --------------------------------------------------------

--
-- Structură tabel pentru tabel `shipments`
--

CREATE TABLE `shipments` (
  `id` bigint UNSIGNED NOT NULL,
  `order_id` bigint UNSIGNED NOT NULL,
  `courier` varchar(50) CHARACTER SET utf8mb4 COLLATE utf8mb4_unicode_ci NOT NULL,
  `awb_number` varchar(100) CHARACTER SET utf8mb4 COLLATE utf8mb4_unicode_ci DEFAULT NULL,
  `label_url` varchar(255) CHARACTER SET utf8mb4 COLLATE utf8mb4_unicode_ci DEFAULT NULL,
  `tracking_url` varchar(255) CHARACTER SET utf8mb4 COLLATE utf8mb4_unicode_ci DEFAULT NULL,
  `status` varchar(50) CHARACTER SET utf8mb4 COLLATE utf8mb4_unicode_ci NOT NULL DEFAULT 'created',
  `raw_payload` json DEFAULT NULL,
  `is_active` tinyint(1) NOT NULL DEFAULT '1',
  `created_at` timestamp NULL DEFAULT NULL,
  `updated_at` timestamp NULL DEFAULT NULL
) ENGINE=InnoDB DEFAULT CHARSET=utf8mb4 COLLATE=utf8mb4_unicode_ci;

-- --------------------------------------------------------

--
-- Structură tabel pentru tabel `shipping_methods`
--

CREATE TABLE `shipping_methods` (
  `id` bigint UNSIGNED NOT NULL,
  `name` varchar(255) CHARACTER SET utf8mb4 COLLATE utf8mb4_unicode_ci NOT NULL,
  `code` varchar(255) CHARACTER SET utf8mb4 COLLATE utf8mb4_unicode_ci NOT NULL,
  `type` enum('courier','own_fleet','pickup') CHARACTER SET utf8mb4 COLLATE utf8mb4_unicode_ci NOT NULL DEFAULT 'courier',
  `is_active` tinyint(1) NOT NULL DEFAULT '1',
  `created_at` timestamp NULL DEFAULT NULL,
  `updated_at` timestamp NULL DEFAULT NULL
) ENGINE=InnoDB DEFAULT CHARSET=utf8mb4 COLLATE=utf8mb4_unicode_ci;

--
-- Eliminarea datelor din tabel `shipping_methods`
--

INSERT INTO `shipping_methods` (`id`, `name`, `code`, `type`, `is_active`, `created_at`, `updated_at`) VALUES
(1, 'Sameday', 'sameday', 'courier', 1, '2025-12-12 07:12:18', '2025-12-12 07:12:18'),
(2, 'Sofer flota proprie', 'flota1', 'own_fleet', 1, '2025-12-12 07:12:45', '2025-12-12 07:12:45');

-- --------------------------------------------------------

--
-- Structură tabel pentru tabel `shipping_rules`
--

CREATE TABLE `shipping_rules` (
  `id` bigint UNSIGNED NOT NULL,
  `shipping_method_id` bigint UNSIGNED NOT NULL,
  `min_weight` decimal(10,2) NOT NULL DEFAULT '0.00',
  `max_weight` decimal(10,2) NOT NULL DEFAULT '0.00',
  `min_value` decimal(15,2) NOT NULL DEFAULT '0.00',
  `max_value` decimal(15,2) NOT NULL DEFAULT '0.00',
  `region` varchar(100) CHARACTER SET utf8mb4 COLLATE utf8mb4_unicode_ci DEFAULT NULL,
  `county` varchar(100) CHARACTER SET utf8mb4 COLLATE utf8mb4_unicode_ci DEFAULT NULL,
  `city` varchar(100) CHARACTER SET utf8mb4 COLLATE utf8mb4_unicode_ci DEFAULT NULL,
  `price` decimal(15,2) NOT NULL DEFAULT '0.00',
  `free_over` decimal(15,2) NOT NULL DEFAULT '0.00',
  `created_at` timestamp NULL DEFAULT NULL,
  `updated_at` timestamp NULL DEFAULT NULL
) ENGINE=InnoDB DEFAULT CHARSET=utf8mb4 COLLATE=utf8mb4_unicode_ci;

-- --------------------------------------------------------

--
-- Structură tabel pentru tabel `tickets`
--

CREATE TABLE `tickets` (
  `id` bigint UNSIGNED NOT NULL,
  `customer_id` bigint UNSIGNED DEFAULT NULL,
  `created_by_user_id` bigint UNSIGNED DEFAULT NULL,
  `assigned_to_user_id` bigint UNSIGNED DEFAULT NULL,
  `subject` varchar(255) CHARACTER SET utf8mb4 COLLATE utf8mb4_unicode_ci NOT NULL,
  `category` varchar(100) CHARACTER SET utf8mb4 COLLATE utf8mb4_unicode_ci DEFAULT NULL,
  `status` varchar(50) CHARACTER SET utf8mb4 COLLATE utf8mb4_unicode_ci NOT NULL DEFAULT 'new',
  `priority` varchar(50) CHARACTER SET utf8mb4 COLLATE utf8mb4_unicode_ci NOT NULL DEFAULT 'normal',
  `last_message_at` timestamp NULL DEFAULT NULL,
  `created_at` timestamp NULL DEFAULT NULL,
  `updated_at` timestamp NULL DEFAULT NULL
) ENGINE=InnoDB DEFAULT CHARSET=utf8mb4 COLLATE=utf8mb4_unicode_ci;

-- --------------------------------------------------------

--
-- Structură tabel pentru tabel `ticket_messages`
--

CREATE TABLE `ticket_messages` (
  `id` bigint UNSIGNED NOT NULL,
  `ticket_id` bigint UNSIGNED NOT NULL,
  `sender_user_id` bigint UNSIGNED DEFAULT NULL,
  `message` text CHARACTER SET utf8mb4 COLLATE utf8mb4_unicode_ci NOT NULL,
  `is_internal` tinyint(1) NOT NULL DEFAULT '0',
  `created_at` timestamp NULL DEFAULT NULL,
  `updated_at` timestamp NULL DEFAULT NULL
) ENGINE=InnoDB DEFAULT CHARSET=utf8mb4 COLLATE=utf8mb4_unicode_ci;

-- --------------------------------------------------------

--
-- Structură tabel pentru tabel `users`
--

CREATE TABLE `users` (
  `id` bigint UNSIGNED NOT NULL,
  `customer_id` bigint UNSIGNED DEFAULT NULL,
  `first_name` varchar(255) CHARACTER SET utf8mb4 COLLATE utf8mb4_unicode_ci NOT NULL,
  `last_name` varchar(255) CHARACTER SET utf8mb4 COLLATE utf8mb4_unicode_ci DEFAULT NULL,
  `email` varchar(255) CHARACTER SET utf8mb4 COLLATE utf8mb4_unicode_ci NOT NULL,
  `phone` varchar(50) CHARACTER SET utf8mb4 COLLATE utf8mb4_unicode_ci DEFAULT NULL,
  `email_verified_at` timestamp NULL DEFAULT NULL,
  `password` varchar(255) CHARACTER SET utf8mb4 COLLATE utf8mb4_unicode_ci NOT NULL,
  `is_active` tinyint(1) NOT NULL DEFAULT '1',
  `remember_token` varchar(100) CHARACTER SET utf8mb4 COLLATE utf8mb4_unicode_ci DEFAULT NULL,
  `company_role` varchar(50) CHARACTER SET utf8mb4 COLLATE utf8mb4_unicode_ci DEFAULT NULL,
  `requires_approval` tinyint(1) NOT NULL DEFAULT '0',
  `created_at` timestamp NULL DEFAULT NULL,
  `updated_at` timestamp NULL DEFAULT NULL
) ENGINE=InnoDB DEFAULT CHARSET=utf8mb4 COLLATE=utf8mb4_unicode_ci;

--
-- Eliminarea datelor din tabel `users`
--

INSERT INTO `users` (`id`, `customer_id`, `first_name`, `last_name`, `email`, `phone`, `email_verified_at`, `password`, `is_active`, `remember_token`, `company_role`, `requires_approval`, `created_at`, `updated_at`) VALUES
(1, 4, 'binar', 'cod', 'cod.binar@gmail.com', '+40758880618', NULL, '$2y$12$QGDQEF22w6jLDSkNQHjoOuRWIy25dUd1Xc2GxQaQBU.7MHx8Tv/kW', 1, NULL, NULL, 0, '2025-12-11 14:50:24', '2025-12-11 14:50:24'),
(2, 3, 'binar', 'cod', 'client@metal-rom.ro', '+40758880618', NULL, '$2y$12$QGDQEF22w6jLDSkNQHjoOuRWIy25dUd1Xc2GxQaQBU.7MHx8Tv/kW', 1, NULL, NULL, 0, '2025-12-11 14:50:24', '2025-12-11 14:50:24'),
(3, 4, 'test', 'test', 'test@test.com', '0758880618', NULL, '$2y$12$SF6bZo8RL0ZsmwrHmTweouDi2VMdjfGSdoNxRIHhwnphoLFQ84B1m', 1, NULL, NULL, 0, '2025-12-15 11:43:06', '2025-12-15 11:43:06'),
(4, NULL, 'agent', 'test', 'agent@test.com', '0758880618', NULL, '$2y$12$EQtPcnuAvXnDdeCjbHwF1uwJgAOmaoF2nJf/1CdHHCBDDO85UmAa6', 1, NULL, NULL, 0, '2025-12-15 11:44:29', '2025-12-15 11:44:29'),
(5, NULL, 'Director', 'Vanzari', 'director@test.com', '0700000001', NULL, '$2y$12$EQtPcnuAvXnDdeCjbHwF1uwJgAOmaoF2nJf/1CdHHCBDDO85UmAa6', 1, NULL, NULL, 0, '2025-12-15 12:00:00', '2025-12-15 12:00:00'),
(6, 5, 'Client', 'B2C', 'clientb2c@test.com', '0700000002', NULL, '$2y$12$EQtPcnuAvXnDdeCjbHwF1uwJgAOmaoF2nJf/1CdHHCBDDO85UmAa6', 1, NULL, NULL, 0, '2025-12-15 12:00:00', '2025-12-15 12:00:00');

--
-- Indexuri pentru tabele eliminate
--

--
-- Indexuri pentru tabele `addresses`
--
ALTER TABLE `addresses`
  ADD PRIMARY KEY (`id`),
  ADD KEY `addresses_customer_id_foreign` (`customer_id`);

--
-- Indexuri pentru tabele `attributes`
--
ALTER TABLE `attributes`
  ADD PRIMARY KEY (`id`),
  ADD UNIQUE KEY `attributes_slug_unique` (`slug`);

--
-- Indexuri pentru tabele `attribute_category`
--
ALTER TABLE `attribute_category`
  ADD PRIMARY KEY (`attribute_id`,`category_id`);

--
-- Indexuri pentru tabele `attribute_values`
--
ALTER TABLE `attribute_values`
  ADD PRIMARY KEY (`id`),
  ADD KEY `attribute_values_attribute_id_foreign` (`attribute_id`),
  ADD KEY `attribute_values_product_id_foreign` (`product_id`),
  ADD KEY `attribute_values_product_variant_id_foreign` (`product_variant_id`);

--
-- Indexuri pentru tabele `audit_logs`
--
ALTER TABLE `audit_logs`
  ADD PRIMARY KEY (`id`),
  ADD KEY `audit_logs_entity_type_entity_id_index` (`entity_type`,`entity_id`),
  ADD KEY `audit_logs_action_index` (`action`),
  ADD KEY `audit_logs_user_id_foreign` (`user_id`);

--
-- Indexuri pentru tabele `blog_categories`
--
ALTER TABLE `blog_categories`
  ADD PRIMARY KEY (`id`),
  ADD UNIQUE KEY `blog_categories_slug_unique` (`slug`);

--
-- Indexuri pentru tabele `blog_posts`
--
ALTER TABLE `blog_posts`
  ADD PRIMARY KEY (`id`),
  ADD UNIQUE KEY `blog_posts_slug_unique` (`slug`),
  ADD KEY `blog_posts_category_id_foreign` (`category_id`),
  ADD KEY `blog_posts_author_user_id_foreign` (`author_user_id`);

--
-- Indexuri pentru tabele `brands`
--
ALTER TABLE `brands`
  ADD PRIMARY KEY (`id`),
  ADD UNIQUE KEY `brands_slug_unique` (`slug`);

--
-- Indexuri pentru tabele `brand_promotion`
--
ALTER TABLE `brand_promotion`
  ADD PRIMARY KEY (`promotion_id`,`brand_id`);

--
-- Indexuri pentru tabele `cache`
--
ALTER TABLE `cache`
  ADD PRIMARY KEY (`key`);

--
-- Indexuri pentru tabele `cache_locks`
--
ALTER TABLE `cache_locks`
  ADD PRIMARY KEY (`key`);

--
-- Indexuri pentru tabele `carts`
--
ALTER TABLE `carts`
  ADD PRIMARY KEY (`id`),
  ADD KEY `carts_customer_id_foreign` (`customer_id`),
  ADD KEY `carts_user_id_foreign` (`user_id`);

--
-- Indexuri pentru tabele `cart_items`
--
ALTER TABLE `cart_items`
  ADD PRIMARY KEY (`id`),
  ADD KEY `cart_items_cart_id_foreign` (`cart_id`),
  ADD KEY `cart_items_product_id_foreign` (`product_id`),
  ADD KEY `cart_items_product_variant_id_foreign` (`product_variant_id`);

--
-- Indexuri pentru tabele `categories`
--
ALTER TABLE `categories`
  ADD PRIMARY KEY (`id`),
  ADD UNIQUE KEY `categories_slug_unique` (`slug`),
  ADD KEY `categories_parent_id_foreign` (`parent_id`);

--
-- Indexuri pentru tabele `category_product`
--
ALTER TABLE `category_product`
  ADD PRIMARY KEY (`category_id`,`product_id`);

--
-- Indexuri pentru tabele `category_promotion`
--
ALTER TABLE `category_promotion`
  ADD PRIMARY KEY (`promotion_id`,`category_id`);

--
-- Indexuri pentru tabele `customers`
--
ALTER TABLE `customers`
  ADD PRIMARY KEY (`id`),
  ADD KEY `customers_group_id_foreign` (`group_id`),
  ADD KEY `customers_agent_user_id_foreign` (`agent_user_id`),
  ADD KEY `customers_sales_director_user_id_foreign` (`sales_director_user_id`);

--
-- Indexuri pentru tabele `customer_groups`
--
ALTER TABLE `customer_groups`
  ADD PRIMARY KEY (`id`);

--
-- Indexuri pentru tabele `customer_group_promotion`
--
ALTER TABLE `customer_group_promotion`
  ADD PRIMARY KEY (`promotion_id`,`customer_group_id`);

--
-- Indexuri pentru tabele `customer_promotion`
--
ALTER TABLE `customer_promotion`
  ADD PRIMARY KEY (`promotion_id`,`customer_id`);

--
-- Indexuri pentru tabele `erp_sync_logs`
--
ALTER TABLE `erp_sync_logs`
  ADD PRIMARY KEY (`id`),
  ADD KEY `erp_sync_logs_entity_type_direction_status_index` (`entity_type`,`direction`,`status`);

--
-- Indexuri pentru tabele `failed_jobs`
--
ALTER TABLE `failed_jobs`
  ADD PRIMARY KEY (`id`),
  ADD UNIQUE KEY `failed_jobs_uuid_unique` (`uuid`);

--
-- Indexuri pentru tabele `invoices`
--
ALTER TABLE `invoices`
  ADD PRIMARY KEY (`id`),
  ADD KEY `invoices_order_id_foreign` (`order_id`),
  ADD KEY `invoices_customer_id_type_status_index` (`customer_id`,`type`,`status`);

--
-- Indexuri pentru tabele `jobs`
--
ALTER TABLE `jobs`
  ADD PRIMARY KEY (`id`),
  ADD KEY `jobs_queue_index` (`queue`);

--
-- Indexuri pentru tabele `job_batches`
--
ALTER TABLE `job_batches`
  ADD PRIMARY KEY (`id`);

--
-- Indexuri pentru tabele `migrations`
--
ALTER TABLE `migrations`
  ADD PRIMARY KEY (`id`);

--
-- Indexuri pentru tabele `notifications`
--
ALTER TABLE `notifications`
  ADD PRIMARY KEY (`id`),
  ADD KEY `notifications_notifiable_type_notifiable_id_index` (`notifiable_type`,`notifiable_id`);

--
-- Indexuri pentru tabele `orders`
--
ALTER TABLE `orders`
  ADD PRIMARY KEY (`id`),
  ADD UNIQUE KEY `orders_order_number_unique` (`order_number`),
  ADD KEY `orders_customer_id_foreign` (`customer_id`),
  ADD KEY `orders_placed_by_user_id_foreign` (`placed_by_user_id`),
  ADD KEY `orders_shipping_method_id_foreign` (`shipping_method_id`),
  ADD KEY `orders_billing_address_id_foreign` (`billing_address_id`),
  ADD KEY `orders_shipping_address_id_foreign` (`shipping_address_id`),
  ADD KEY `orders_approved_by_user_id_foreign` (`approved_by_user_id`);

--
-- Indexuri pentru tabele `order_items`
--
ALTER TABLE `order_items`
  ADD PRIMARY KEY (`id`),
  ADD KEY `order_items_order_id_foreign` (`order_id`),
  ADD KEY `order_items_product_id_foreign` (`product_id`),
  ADD KEY `order_items_product_variant_id_foreign` (`product_variant_id`);

--
-- Indexuri pentru tabele `order_templates`
--
ALTER TABLE `order_templates`
  ADD PRIMARY KEY (`id`),
  ADD KEY `order_templates_user_id_foreign` (`user_id`);

--
-- Indexuri pentru tabele `order_template_items`
--
ALTER TABLE `order_template_items`
  ADD PRIMARY KEY (`id`),
  ADD KEY `order_template_items_order_template_id_foreign` (`order_template_id`),
  ADD KEY `order_template_items_product_id_foreign` (`product_id`),
  ADD KEY `order_template_items_product_variant_id_foreign` (`product_variant_id`);

--
-- Indexuri pentru tabele `pages`
--
ALTER TABLE `pages`
  ADD PRIMARY KEY (`id`),
  ADD UNIQUE KEY `pages_slug_unique` (`slug`);

--
-- Indexuri pentru tabele `partner_requests`
--
ALTER TABLE `partner_requests`
  ADD PRIMARY KEY (`id`),
  ADD KEY `partner_requests_assigned_agent_id_foreign` (`assigned_agent_id`);

--
-- Indexuri pentru tabele `payments`
--
ALTER TABLE `payments`
  ADD PRIMARY KEY (`id`),
  ADD KEY `payments_customer_id_foreign` (`customer_id`),
  ADD KEY `payments_order_id_foreign` (`order_id`),
  ADD KEY `payments_recorded_by_user_id_foreign` (`recorded_by_user_id`);

--
-- Indexuri pentru tabele `permissions`
--
ALTER TABLE `permissions`
  ADD PRIMARY KEY (`id`),
  ADD UNIQUE KEY `permissions_code_unique` (`code`);

--
-- Indexuri pentru tabele `permission_role`
--
ALTER TABLE `permission_role`
  ADD PRIMARY KEY (`role_id`,`permission_id`),
  ADD KEY `permission_role_permission_id_foreign` (`permission_id`);

--
-- Indexuri pentru tabele `personal_access_tokens`
--
ALTER TABLE `personal_access_tokens`
  ADD PRIMARY KEY (`id`),
  ADD UNIQUE KEY `personal_access_tokens_token_unique` (`token`),
  ADD KEY `personal_access_tokens_tokenable_type_tokenable_id_index` (`tokenable_type`,`tokenable_id`),
  ADD KEY `personal_access_tokens_expires_at_index` (`expires_at`);

--
-- Indexuri pentru tabele `products`
--
ALTER TABLE `products`
  ADD PRIMARY KEY (`id`),
  ADD UNIQUE KEY `products_slug_unique` (`slug`),
  ADD UNIQUE KEY `products_internal_code_unique` (`internal_code`),
  ADD KEY `products_main_category_id_foreign` (`main_category_id`),
  ADD KEY `products_brand_id_foreign` (`brand_id`);

--
-- Indexuri pentru tabele `product_comparisons`
--
ALTER TABLE `product_comparisons`
  ADD PRIMARY KEY (`id`),
  ADD UNIQUE KEY `product_comparisons_user_id_product_id_unique` (`user_id`,`product_id`),
  ADD KEY `product_comparisons_user_id_product_id_index` (`user_id`,`product_id`),
  ADD KEY `product_comparisons_session_key_product_id_index` (`session_key`,`product_id`),
  ADD KEY `product_comparisons_product_id_foreign` (`product_id`);

--
-- Indexuri pentru tabele `product_documents`
--
ALTER TABLE `product_documents`
  ADD PRIMARY KEY (`id`),
  ADD KEY `product_documents_product_id_foreign` (`product_id`);

--
-- Indexuri pentru tabele `product_images`
--
ALTER TABLE `product_images`
  ADD PRIMARY KEY (`id`),
  ADD KEY `product_images_product_id_foreign` (`product_id`);

--
-- Indexuri pentru tabele `product_promotion`
--
ALTER TABLE `product_promotion`
  ADD PRIMARY KEY (`promotion_id`,`product_id`);

--
-- Indexuri pentru tabele `product_variants`
--
ALTER TABLE `product_variants`
  ADD PRIMARY KEY (`id`),
  ADD KEY `product_variants_product_id_foreign` (`product_id`);

--
-- Indexuri pentru tabele `promotions`
--
ALTER TABLE `promotions`
  ADD PRIMARY KEY (`id`),
  ADD UNIQUE KEY `promotions_slug_unique` (`slug`);

--
-- Indexuri pentru tabele `quote_requests`
--
ALTER TABLE `quote_requests`
  ADD PRIMARY KEY (`id`),
  ADD KEY `quote_requests_customer_id_foreign` (`customer_id`),
  ADD KEY `quote_requests_created_by_user_id_foreign` (`created_by_user_id`),
  ADD KEY `quote_requests_assigned_agent_id_foreign` (`assigned_agent_id`);

--
-- Indexuri pentru tabele `quote_request_items`
--
ALTER TABLE `quote_request_items`
  ADD PRIMARY KEY (`id`),
  ADD KEY `quote_request_items_quote_request_id_foreign` (`quote_request_id`),
  ADD KEY `quote_request_items_product_id_foreign` (`product_id`),
  ADD KEY `quote_request_items_product_variant_id_foreign` (`product_variant_id`);

--
-- Indexuri pentru tabele `recently_viewed_products`
--
ALTER TABLE `recently_viewed_products`
  ADD PRIMARY KEY (`id`),
  ADD UNIQUE KEY `recently_viewed_products_user_id_product_id_unique` (`user_id`,`product_id`),
  ADD KEY `recently_viewed_products_user_id_viewed_at_index` (`user_id`,`viewed_at`),
  ADD KEY `recently_viewed_products_session_key_viewed_at_index` (`session_key`,`viewed_at`),
  ADD KEY `recently_viewed_products_product_id_foreign` (`product_id`);

--
-- Indexuri pentru tabele `related_products`
--
ALTER TABLE `related_products`
  ADD PRIMARY KEY (`id`),
  ADD KEY `related_products_product_id_foreign` (`product_id`),
  ADD KEY `related_products_related_product_id_foreign` (`related_product_id`);

--
-- Indexuri pentru tabele `roles`
--
ALTER TABLE `roles`
  ADD PRIMARY KEY (`id`),
  ADD UNIQUE KEY `roles_code_unique` (`code`),
  ADD UNIQUE KEY `roles_slug_unique` (`slug`);

--
-- Indexuri pentru tabele `role_user`
--
ALTER TABLE `role_user`
  ADD PRIMARY KEY (`role_id`,`user_id`),
  ADD KEY `role_user_user_id_foreign` (`user_id`);

--
-- Indexuri pentru tabele `sales_representatives`
--
ALTER TABLE `sales_representatives`
  ADD PRIMARY KEY (`id`);

--
-- Indexuri pentru tabele `shipments`
--
ALTER TABLE `shipments`
  ADD PRIMARY KEY (`id`),
  ADD KEY `shipments_order_id_foreign` (`order_id`),
  ADD KEY `shipments_courier_awb_number_index` (`courier`,`awb_number`);

--
-- Indexuri pentru tabele `shipping_methods`
--
ALTER TABLE `shipping_methods`
  ADD PRIMARY KEY (`id`),
  ADD UNIQUE KEY `shipping_methods_code_unique` (`code`);

--
-- Indexuri pentru tabele `shipping_rules`
--
ALTER TABLE `shipping_rules`
  ADD PRIMARY KEY (`id`),
  ADD KEY `shipping_rules_shipping_method_id_foreign` (`shipping_method_id`);

--
-- Indexuri pentru tabele `tickets`
--
ALTER TABLE `tickets`
  ADD PRIMARY KEY (`id`),
  ADD KEY `tickets_customer_id_foreign` (`customer_id`),
  ADD KEY `tickets_created_by_user_id_foreign` (`created_by_user_id`),
  ADD KEY `tickets_assigned_to_user_id_foreign` (`assigned_to_user_id`);

--
-- Indexuri pentru tabele `ticket_messages`
--
ALTER TABLE `ticket_messages`
  ADD PRIMARY KEY (`id`),
  ADD KEY `ticket_messages_ticket_id_foreign` (`ticket_id`),
  ADD KEY `ticket_messages_sender_user_id_foreign` (`sender_user_id`);

--
-- Indexuri pentru tabele `users`
--
ALTER TABLE `users`
  ADD PRIMARY KEY (`id`),
  ADD UNIQUE KEY `users_email_unique` (`email`),
  ADD KEY `users_customer_id_foreign` (`customer_id`);

--
-- AUTO_INCREMENT pentru tabele eliminate
--

--
-- AUTO_INCREMENT pentru tabele `addresses`
--
ALTER TABLE `addresses`
  MODIFY `id` bigint UNSIGNED NOT NULL AUTO_INCREMENT;

--
-- AUTO_INCREMENT pentru tabele `attributes`
--
ALTER TABLE `attributes`
  MODIFY `id` bigint UNSIGNED NOT NULL AUTO_INCREMENT;

--
-- AUTO_INCREMENT pentru tabele `attribute_values`
--
ALTER TABLE `attribute_values`
  MODIFY `id` bigint UNSIGNED NOT NULL AUTO_INCREMENT;

--
-- AUTO_INCREMENT pentru tabele `audit_logs`
--
ALTER TABLE `audit_logs`
  MODIFY `id` bigint UNSIGNED NOT NULL AUTO_INCREMENT;

--
-- AUTO_INCREMENT pentru tabele `blog_categories`
--
ALTER TABLE `blog_categories`
  MODIFY `id` bigint UNSIGNED NOT NULL AUTO_INCREMENT, AUTO_INCREMENT=3;

--
-- AUTO_INCREMENT pentru tabele `blog_posts`
--
ALTER TABLE `blog_posts`
  MODIFY `id` bigint UNSIGNED NOT NULL AUTO_INCREMENT, AUTO_INCREMENT=3;

--
-- AUTO_INCREMENT pentru tabele `brands`
--
ALTER TABLE `brands`
  MODIFY `id` bigint UNSIGNED NOT NULL AUTO_INCREMENT, AUTO_INCREMENT=4;

--
-- AUTO_INCREMENT pentru tabele `carts`
--
ALTER TABLE `carts`
  MODIFY `id` bigint UNSIGNED NOT NULL AUTO_INCREMENT, AUTO_INCREMENT=3;

--
-- AUTO_INCREMENT pentru tabele `cart_items`
--
ALTER TABLE `cart_items`
  MODIFY `id` bigint UNSIGNED NOT NULL AUTO_INCREMENT, AUTO_INCREMENT=2;

--
-- AUTO_INCREMENT pentru tabele `categories`
--
ALTER TABLE `categories`
  MODIFY `id` bigint UNSIGNED NOT NULL AUTO_INCREMENT, AUTO_INCREMENT=9;

--
-- AUTO_INCREMENT pentru tabele `customers`
--
ALTER TABLE `customers`
  MODIFY `id` bigint UNSIGNED NOT NULL AUTO_INCREMENT, AUTO_INCREMENT=5;

--
-- AUTO_INCREMENT pentru tabele `customer_groups`
--
ALTER TABLE `customer_groups`
  MODIFY `id` bigint UNSIGNED NOT NULL AUTO_INCREMENT, AUTO_INCREMENT=4;

--
-- AUTO_INCREMENT pentru tabele `erp_sync_logs`
--
ALTER TABLE `erp_sync_logs`
  MODIFY `id` bigint UNSIGNED NOT NULL AUTO_INCREMENT;

--
-- AUTO_INCREMENT pentru tabele `failed_jobs`
--
ALTER TABLE `failed_jobs`
  MODIFY `id` bigint UNSIGNED NOT NULL AUTO_INCREMENT;

--
-- AUTO_INCREMENT pentru tabele `invoices`
--
ALTER TABLE `invoices`
  MODIFY `id` bigint UNSIGNED NOT NULL AUTO_INCREMENT;

--
-- AUTO_INCREMENT pentru tabele `jobs`
--
ALTER TABLE `jobs`
  MODIFY `id` bigint UNSIGNED NOT NULL AUTO_INCREMENT;

--
-- AUTO_INCREMENT pentru tabele `migrations`
--
ALTER TABLE `migrations`
  MODIFY `id` int UNSIGNED NOT NULL AUTO_INCREMENT, AUTO_INCREMENT=38;

--
-- AUTO_INCREMENT pentru tabele `orders`
--
ALTER TABLE `orders`
  MODIFY `id` bigint UNSIGNED NOT NULL AUTO_INCREMENT, AUTO_INCREMENT=3;

--
-- AUTO_INCREMENT pentru tabele `order_items`
--
ALTER TABLE `order_items`
  MODIFY `id` bigint UNSIGNED NOT NULL AUTO_INCREMENT;

--
-- AUTO_INCREMENT pentru tabele `order_templates`
--
ALTER TABLE `order_templates`
  MODIFY `id` bigint UNSIGNED NOT NULL AUTO_INCREMENT;

--
-- AUTO_INCREMENT pentru tabele `order_template_items`
--
ALTER TABLE `order_template_items`
  MODIFY `id` bigint UNSIGNED NOT NULL AUTO_INCREMENT;

--
-- AUTO_INCREMENT pentru tabele `pages`
--
ALTER TABLE `pages`
  MODIFY `id` bigint UNSIGNED NOT NULL AUTO_INCREMENT, AUTO_INCREMENT=4;

--
-- AUTO_INCREMENT pentru tabele `partner_requests`
--
ALTER TABLE `partner_requests`
  MODIFY `id` bigint UNSIGNED NOT NULL AUTO_INCREMENT;

--
-- AUTO_INCREMENT pentru tabele `payments`
--
ALTER TABLE `payments`
  MODIFY `id` bigint UNSIGNED NOT NULL AUTO_INCREMENT;

--
-- AUTO_INCREMENT pentru tabele `permissions`
--
ALTER TABLE `permissions`
  MODIFY `id` bigint UNSIGNED NOT NULL AUTO_INCREMENT;

--
-- AUTO_INCREMENT pentru tabele `personal_access_tokens`
--
ALTER TABLE `personal_access_tokens`
  MODIFY `id` bigint UNSIGNED NOT NULL AUTO_INCREMENT, AUTO_INCREMENT=8;

--
-- AUTO_INCREMENT pentru tabele `products`
--
ALTER TABLE `products`
  MODIFY `id` bigint UNSIGNED NOT NULL AUTO_INCREMENT, AUTO_INCREMENT=3;

--
-- AUTO_INCREMENT pentru tabele `product_comparisons`
--
ALTER TABLE `product_comparisons`
  MODIFY `id` bigint UNSIGNED NOT NULL AUTO_INCREMENT;

--
-- AUTO_INCREMENT pentru tabele `product_documents`
--
ALTER TABLE `product_documents`
  MODIFY `id` bigint UNSIGNED NOT NULL AUTO_INCREMENT;

--
-- AUTO_INCREMENT pentru tabele `product_images`
--
ALTER TABLE `product_images`
  MODIFY `id` bigint UNSIGNED NOT NULL AUTO_INCREMENT;

--
-- AUTO_INCREMENT pentru tabele `product_variants`
--
ALTER TABLE `product_variants`
  MODIFY `id` bigint UNSIGNED NOT NULL AUTO_INCREMENT;

--
-- AUTO_INCREMENT pentru tabele `promotions`
--
ALTER TABLE `promotions`
  MODIFY `id` bigint UNSIGNED NOT NULL AUTO_INCREMENT, AUTO_INCREMENT=4;

--
-- AUTO_INCREMENT pentru tabele `quote_requests`
--
ALTER TABLE `quote_requests`
  MODIFY `id` bigint UNSIGNED NOT NULL AUTO_INCREMENT;

--
-- AUTO_INCREMENT pentru tabele `quote_request_items`
--
ALTER TABLE `quote_request_items`
  MODIFY `id` bigint UNSIGNED NOT NULL AUTO_INCREMENT;

--
-- AUTO_INCREMENT pentru tabele `recently_viewed_products`
--
ALTER TABLE `recently_viewed_products`
  MODIFY `id` bigint UNSIGNED NOT NULL AUTO_INCREMENT;

--
-- AUTO_INCREMENT pentru tabele `related_products`
--
ALTER TABLE `related_products`
  MODIFY `id` bigint UNSIGNED NOT NULL AUTO_INCREMENT;

--
-- AUTO_INCREMENT pentru tabele `roles`
--
ALTER TABLE `roles`
  MODIFY `id` bigint UNSIGNED NOT NULL AUTO_INCREMENT, AUTO_INCREMENT=8;

--
-- AUTO_INCREMENT pentru tabele `sales_representatives`
--
ALTER TABLE `sales_representatives`
  MODIFY `id` bigint UNSIGNED NOT NULL AUTO_INCREMENT, AUTO_INCREMENT=4;

--
-- AUTO_INCREMENT pentru tabele `shipments`
--
ALTER TABLE `shipments`
  MODIFY `id` bigint UNSIGNED NOT NULL AUTO_INCREMENT;

--
-- AUTO_INCREMENT pentru tabele `shipping_methods`
--
ALTER TABLE `shipping_methods`
  MODIFY `id` bigint UNSIGNED NOT NULL AUTO_INCREMENT, AUTO_INCREMENT=3;

--
-- AUTO_INCREMENT pentru tabele `shipping_rules`
--
ALTER TABLE `shipping_rules`
  MODIFY `id` bigint UNSIGNED NOT NULL AUTO_INCREMENT;

--
-- AUTO_INCREMENT pentru tabele `tickets`
--
ALTER TABLE `tickets`
  MODIFY `id` bigint UNSIGNED NOT NULL AUTO_INCREMENT;

--
-- AUTO_INCREMENT pentru tabele `ticket_messages`
--
ALTER TABLE `ticket_messages`
  MODIFY `id` bigint UNSIGNED NOT NULL AUTO_INCREMENT;

--
-- AUTO_INCREMENT pentru tabele `users`
--
ALTER TABLE `users`
  MODIFY `id` bigint UNSIGNED NOT NULL AUTO_INCREMENT, AUTO_INCREMENT=5;

--
-- Constrângeri pentru tabele eliminate
--

--
-- Constrângeri pentru tabele `addresses`
--
ALTER TABLE `addresses`
  ADD CONSTRAINT `addresses_customer_id_foreign` FOREIGN KEY (`customer_id`) REFERENCES `customers` (`id`) ON DELETE CASCADE;

--
-- Constrângeri pentru tabele `attribute_values`
--
ALTER TABLE `attribute_values`
  ADD CONSTRAINT `attribute_values_attribute_id_foreign` FOREIGN KEY (`attribute_id`) REFERENCES `attributes` (`id`) ON DELETE CASCADE,
  ADD CONSTRAINT `attribute_values_product_id_foreign` FOREIGN KEY (`product_id`) REFERENCES `products` (`id`) ON DELETE CASCADE,
  ADD CONSTRAINT `attribute_values_product_variant_id_foreign` FOREIGN KEY (`product_variant_id`) REFERENCES `product_variants` (`id`) ON DELETE CASCADE;

--
-- Constrângeri pentru tabele `audit_logs`
--
ALTER TABLE `audit_logs`
  ADD CONSTRAINT `audit_logs_user_id_foreign` FOREIGN KEY (`user_id`) REFERENCES `users` (`id`) ON DELETE SET NULL;

--
-- Constrângeri pentru tabele `blog_posts`
--
ALTER TABLE `blog_posts`
  ADD CONSTRAINT `blog_posts_author_user_id_foreign` FOREIGN KEY (`author_user_id`) REFERENCES `users` (`id`) ON DELETE SET NULL,
  ADD CONSTRAINT `blog_posts_category_id_foreign` FOREIGN KEY (`category_id`) REFERENCES `blog_categories` (`id`) ON DELETE SET NULL;

--
-- Constrângeri pentru tabele `carts`
--
ALTER TABLE `carts`
  ADD CONSTRAINT `carts_customer_id_foreign` FOREIGN KEY (`customer_id`) REFERENCES `customers` (`id`) ON DELETE SET NULL,
  ADD CONSTRAINT `carts_user_id_foreign` FOREIGN KEY (`user_id`) REFERENCES `users` (`id`) ON DELETE SET NULL;

--
-- Constrângeri pentru tabele `cart_items`
--
ALTER TABLE `cart_items`
  ADD CONSTRAINT `cart_items_cart_id_foreign` FOREIGN KEY (`cart_id`) REFERENCES `carts` (`id`) ON DELETE CASCADE,
  ADD CONSTRAINT `cart_items_product_id_foreign` FOREIGN KEY (`product_id`) REFERENCES `products` (`id`) ON DELETE CASCADE,
  ADD CONSTRAINT `cart_items_product_variant_id_foreign` FOREIGN KEY (`product_variant_id`) REFERENCES `product_variants` (`id`) ON DELETE SET NULL;

--
-- Constrângeri pentru tabele `categories`
--
ALTER TABLE `categories`
  ADD CONSTRAINT `categories_parent_id_foreign` FOREIGN KEY (`parent_id`) REFERENCES `categories` (`id`) ON DELETE SET NULL;

--
-- Constrângeri pentru tabele `customers`
--
ALTER TABLE `customers`
  ADD CONSTRAINT `customers_agent_user_id_foreign` FOREIGN KEY (`agent_user_id`) REFERENCES `users` (`id`) ON DELETE SET NULL,
  ADD CONSTRAINT `customers_group_id_foreign` FOREIGN KEY (`group_id`) REFERENCES `customer_groups` (`id`) ON DELETE SET NULL,
  ADD CONSTRAINT `customers_sales_director_user_id_foreign` FOREIGN KEY (`sales_director_user_id`) REFERENCES `users` (`id`) ON DELETE SET NULL;

--
-- Constrângeri pentru tabele `invoices`
--
ALTER TABLE `invoices`
  ADD CONSTRAINT `invoices_customer_id_foreign` FOREIGN KEY (`customer_id`) REFERENCES `customers` (`id`) ON DELETE CASCADE,
  ADD CONSTRAINT `invoices_order_id_foreign` FOREIGN KEY (`order_id`) REFERENCES `orders` (`id`) ON DELETE SET NULL;

--
-- Constrângeri pentru tabele `orders`
--
ALTER TABLE `orders`
  ADD CONSTRAINT `orders_approved_by_user_id_foreign` FOREIGN KEY (`approved_by_user_id`) REFERENCES `users` (`id`) ON DELETE SET NULL,
  ADD CONSTRAINT `orders_billing_address_id_foreign` FOREIGN KEY (`billing_address_id`) REFERENCES `addresses` (`id`) ON DELETE SET NULL,
  ADD CONSTRAINT `orders_customer_id_foreign` FOREIGN KEY (`customer_id`) REFERENCES `customers` (`id`) ON DELETE CASCADE,
  ADD CONSTRAINT `orders_placed_by_user_id_foreign` FOREIGN KEY (`placed_by_user_id`) REFERENCES `users` (`id`) ON DELETE SET NULL,
  ADD CONSTRAINT `orders_shipping_address_id_foreign` FOREIGN KEY (`shipping_address_id`) REFERENCES `addresses` (`id`) ON DELETE SET NULL,
  ADD CONSTRAINT `orders_shipping_method_id_foreign` FOREIGN KEY (`shipping_method_id`) REFERENCES `shipping_methods` (`id`) ON DELETE SET NULL;

--
-- Constrângeri pentru tabele `order_items`
--
ALTER TABLE `order_items`
  ADD CONSTRAINT `order_items_order_id_foreign` FOREIGN KEY (`order_id`) REFERENCES `orders` (`id`) ON DELETE CASCADE,
  ADD CONSTRAINT `order_items_product_id_foreign` FOREIGN KEY (`product_id`) REFERENCES `products` (`id`) ON DELETE SET NULL,
  ADD CONSTRAINT `order_items_product_variant_id_foreign` FOREIGN KEY (`product_variant_id`) REFERENCES `product_variants` (`id`) ON DELETE SET NULL;

--
-- Constrângeri pentru tabele `order_templates`
--
ALTER TABLE `order_templates`
  ADD CONSTRAINT `order_templates_user_id_foreign` FOREIGN KEY (`user_id`) REFERENCES `users` (`id`) ON DELETE CASCADE;

--
-- Constrângeri pentru tabele `order_template_items`
--
ALTER TABLE `order_template_items`
  ADD CONSTRAINT `order_template_items_order_template_id_foreign` FOREIGN KEY (`order_template_id`) REFERENCES `order_templates` (`id`) ON DELETE CASCADE,
  ADD CONSTRAINT `order_template_items_product_id_foreign` FOREIGN KEY (`product_id`) REFERENCES `products` (`id`) ON DELETE CASCADE,
  ADD CONSTRAINT `order_template_items_product_variant_id_foreign` FOREIGN KEY (`product_variant_id`) REFERENCES `product_variants` (`id`) ON DELETE SET NULL;

--
-- Constrângeri pentru tabele `partner_requests`
--
ALTER TABLE `partner_requests`
  ADD CONSTRAINT `partner_requests_assigned_agent_id_foreign` FOREIGN KEY (`assigned_agent_id`) REFERENCES `users` (`id`) ON DELETE SET NULL;

--
-- Constrângeri pentru tabele `payments`
--
ALTER TABLE `payments`
  ADD CONSTRAINT `payments_customer_id_foreign` FOREIGN KEY (`customer_id`) REFERENCES `customers` (`id`) ON DELETE CASCADE,
  ADD CONSTRAINT `payments_order_id_foreign` FOREIGN KEY (`order_id`) REFERENCES `orders` (`id`) ON DELETE SET NULL,
  ADD CONSTRAINT `payments_recorded_by_user_id_foreign` FOREIGN KEY (`recorded_by_user_id`) REFERENCES `users` (`id`) ON DELETE SET NULL;

--
-- Constrângeri pentru tabele `permission_role`
--
ALTER TABLE `permission_role`
  ADD CONSTRAINT `permission_role_permission_id_foreign` FOREIGN KEY (`permission_id`) REFERENCES `permissions` (`id`) ON DELETE CASCADE,
  ADD CONSTRAINT `permission_role_role_id_foreign` FOREIGN KEY (`role_id`) REFERENCES `roles` (`id`) ON DELETE CASCADE;

--
-- Constrângeri pentru tabele `products`
--
ALTER TABLE `products`
  ADD CONSTRAINT `products_brand_id_foreign` FOREIGN KEY (`brand_id`) REFERENCES `brands` (`id`) ON DELETE SET NULL,
  ADD CONSTRAINT `products_main_category_id_foreign` FOREIGN KEY (`main_category_id`) REFERENCES `categories` (`id`) ON DELETE CASCADE;

--
-- Constrângeri pentru tabele `product_comparisons`
--
ALTER TABLE `product_comparisons`
  ADD CONSTRAINT `product_comparisons_product_id_foreign` FOREIGN KEY (`product_id`) REFERENCES `products` (`id`) ON DELETE CASCADE,
  ADD CONSTRAINT `product_comparisons_user_id_foreign` FOREIGN KEY (`user_id`) REFERENCES `users` (`id`) ON DELETE SET NULL;

--
-- Constrângeri pentru tabele `product_documents`
--
ALTER TABLE `product_documents`
  ADD CONSTRAINT `product_documents_product_id_foreign` FOREIGN KEY (`product_id`) REFERENCES `products` (`id`) ON DELETE CASCADE;

--
-- Constrângeri pentru tabele `product_images`
--
ALTER TABLE `product_images`
  ADD CONSTRAINT `product_images_product_id_foreign` FOREIGN KEY (`product_id`) REFERENCES `products` (`id`) ON DELETE CASCADE;

--
-- Constrângeri pentru tabele `product_variants`
--
ALTER TABLE `product_variants`
  ADD CONSTRAINT `product_variants_product_id_foreign` FOREIGN KEY (`product_id`) REFERENCES `products` (`id`) ON DELETE CASCADE;

--
-- Constrângeri pentru tabele `quote_requests`
--
ALTER TABLE `quote_requests`
  ADD CONSTRAINT `quote_requests_assigned_agent_id_foreign` FOREIGN KEY (`assigned_agent_id`) REFERENCES `users` (`id`) ON DELETE SET NULL,
  ADD CONSTRAINT `quote_requests_created_by_user_id_foreign` FOREIGN KEY (`created_by_user_id`) REFERENCES `users` (`id`) ON DELETE CASCADE,
  ADD CONSTRAINT `quote_requests_customer_id_foreign` FOREIGN KEY (`customer_id`) REFERENCES `customers` (`id`) ON DELETE CASCADE;

--
-- Constrângeri pentru tabele `quote_request_items`
--
ALTER TABLE `quote_request_items`
  ADD CONSTRAINT `quote_request_items_product_id_foreign` FOREIGN KEY (`product_id`) REFERENCES `products` (`id`) ON DELETE CASCADE,
  ADD CONSTRAINT `quote_request_items_product_variant_id_foreign` FOREIGN KEY (`product_variant_id`) REFERENCES `product_variants` (`id`) ON DELETE SET NULL,
  ADD CONSTRAINT `quote_request_items_quote_request_id_foreign` FOREIGN KEY (`quote_request_id`) REFERENCES `quote_requests` (`id`) ON DELETE CASCADE;

--
-- Constrângeri pentru tabele `recently_viewed_products`
--
ALTER TABLE `recently_viewed_products`
  ADD CONSTRAINT `recently_viewed_products_product_id_foreign` FOREIGN KEY (`product_id`) REFERENCES `products` (`id`) ON DELETE CASCADE,
  ADD CONSTRAINT `recently_viewed_products_user_id_foreign` FOREIGN KEY (`user_id`) REFERENCES `users` (`id`) ON DELETE SET NULL;

--
-- Constrângeri pentru tabele `related_products`
--
ALTER TABLE `related_products`
  ADD CONSTRAINT `related_products_product_id_foreign` FOREIGN KEY (`product_id`) REFERENCES `products` (`id`) ON DELETE CASCADE,
  ADD CONSTRAINT `related_products_related_product_id_foreign` FOREIGN KEY (`related_product_id`) REFERENCES `products` (`id`) ON DELETE CASCADE;

--
-- Constrângeri pentru tabele `role_user`
--
ALTER TABLE `role_user`
  ADD CONSTRAINT `role_user_role_id_foreign` FOREIGN KEY (`role_id`) REFERENCES `roles` (`id`) ON DELETE CASCADE,
  ADD CONSTRAINT `role_user_user_id_foreign` FOREIGN KEY (`user_id`) REFERENCES `users` (`id`) ON DELETE CASCADE;

--
-- Constrângeri pentru tabele `shipments`
--
ALTER TABLE `shipments`
  ADD CONSTRAINT `shipments_order_id_foreign` FOREIGN KEY (`order_id`) REFERENCES `orders` (`id`) ON DELETE CASCADE;

--
-- Constrângeri pentru tabele `shipping_rules`
--
ALTER TABLE `shipping_rules`
  ADD CONSTRAINT `shipping_rules_shipping_method_id_foreign` FOREIGN KEY (`shipping_method_id`) REFERENCES `shipping_methods` (`id`) ON DELETE CASCADE;

--
-- Constrângeri pentru tabele `tickets`
--
ALTER TABLE `tickets`
  ADD CONSTRAINT `tickets_assigned_to_user_id_foreign` FOREIGN KEY (`assigned_to_user_id`) REFERENCES `users` (`id`) ON DELETE SET NULL,
  ADD CONSTRAINT `tickets_created_by_user_id_foreign` FOREIGN KEY (`created_by_user_id`) REFERENCES `users` (`id`) ON DELETE SET NULL,
  ADD CONSTRAINT `tickets_customer_id_foreign` FOREIGN KEY (`customer_id`) REFERENCES `customers` (`id`) ON DELETE SET NULL;

--
-- Constrângeri pentru tabele `ticket_messages`
--
ALTER TABLE `ticket_messages`
  ADD CONSTRAINT `ticket_messages_sender_user_id_foreign` FOREIGN KEY (`sender_user_id`) REFERENCES `users` (`id`) ON DELETE SET NULL,
  ADD CONSTRAINT `ticket_messages_ticket_id_foreign` FOREIGN KEY (`ticket_id`) REFERENCES `tickets` (`id`) ON DELETE CASCADE;

--
-- Constrângeri pentru tabele `users`
--
ALTER TABLE `users`
  ADD CONSTRAINT `users_customer_id_foreign` FOREIGN KEY (`customer_id`) REFERENCES `customers` (`id`) ON DELETE SET NULL;
COMMIT;

/*!40101 SET CHARACTER_SET_CLIENT=@OLD_CHARACTER_SET_CLIENT */;
/*!40101 SET CHARACTER_SET_RESULTS=@OLD_CHARACTER_SET_RESULTS */;
/*!40101 SET COLLATION_CONNECTION=@OLD_COLLATION_CONNECTION */;
